name,id
River Plate,10076
Talleres,10101
Argentinos Juniors,10086
Estudiantes,10094
Lanus,10082
Tigre,89396
San Lorenzo,10083
Instituto,10090
Defensa y Justicia,161730
Boca Juniors,10077
Huracan,10081
Banfield,10087
Rosario Central,10084
Newell's Old Boys,10201
Independiente,10078
Racing Club,10080
Godoy Cruz,10227
Gimnasia LP,10103
Velez Sarsfield,10079
Atletico Tucuman,161727
Belgrano,10092
Union,10096
Barracas Central,213534
Club Atletico Platense,10089
Sarmiento,202757
Colon,10088
Central Cordoba de Santiago,213596
Arsenal Sarandi,10098
