"id_jugador","disparos","goles","goles_cabeza","proporcion","dist_media","posicion","jugador"
230476,1,1,0,1,14.0964273488001,"DF","Gino Peruzzi"
1132939,1,1,0,1,7.52670202909671,"MF_no_ofen","Juan Quintana"
1136397,1,1,0,1,20.5408257832984,"DF","Andrew Teuten"
1611876,1,1,0,1,24.1829258557549,"MF_ofen","Agustin Molina"
1635822,1,1,0,1,11.897583788316,"MF_no_ofen","Gustavo Albarracin"
1652019,1,1,0,1,12.9474566788379,"MF_no_ofen","Ramiro Hernandes"
1675023,1,1,1,1,7.2852855281574,"FW","Agustin Juarez"
26432,3,2,0,0.666666666666667,13.6605828537183,"MF_ofen","Emiliano Vecchio"
615932,2,1,0,0.5,15.811056691446,"DF","Jonathan Galvan"
940819,2,1,0,0.5,17.7378103924757,"DF","Juan Rodriguez"
956291,2,1,0,0.5,4.0649111083512,"DF","Federico Gattoni"
1225452,4,2,0,0.5,11.9487990104896,"FW","Bryan Castrillon"
1339362,2,1,1,0.5,19.0144851581226,"FW","Gonzalo Valdivia"
1372670,4,2,0,0.5,20.4986713285245,"FW","Fabricio Oviedo"
1435011,2,1,0,0.5,18.1524111625783,"MF_no_ofen","Mariano Santiago"
1680165,2,1,0,0.5,16.1483006072048,"MF_ofen","Santiago Segovia"
1338015,7,3,0,0.428571428571429,20.7768729170016,"FW","Julian Fernandez"
1246234,5,2,1,0.4,16.7866259045217,"MF_ofen","Oscar Garrido"
294003,8,3,0,0.375,14.7990115623932,"FW","Luciano Dario Vietto"
68303,3,1,0,0.333333333333333,15.2818419277807,"MF_no_ofen","Sebastian Blanco"
571621,3,1,0,0.333333333333333,25.5821952888063,"MF_no_ofen","Roberto Agustin Bochi"
845263,3,1,0,0.333333333333333,17.1866392420413,"DF","Franco Pardo"
1021588,6,2,0,0.333333333333333,11.2736179104956,"FW","Antony Alonso"
1128955,12,4,1,0.333333333333333,12.285305286669,"FW","Favio Cabral"
1362307,6,2,0,0.333333333333333,18.6971780972733,"DF","Jherson Mosquera"
1393213,3,1,1,0.333333333333333,17.6665384302606,"DF","Lucas Angelini"
1609545,3,1,0,0.333333333333333,10.4858505063111,"MF_ofen","Jeremias Lazaro"
1677259,3,1,0,0.333333333333333,26.7188243456757,"MF_ofen","Manuel Palavecino"
1029392,22,7,3,0.318181818181818,16.9336235800613,"DF","Facundo Mura"
1104977,17,5,0,0.294117647058824,15.2647850942036,"FW","Bryan Reyna"
811111,7,2,0,0.285714285714286,17.5350932806099,"MF_ofen","Nicolas Barrientos"
962674,7,2,0,0.285714285714286,21.6226738472847,"MF_ofen","Alexander Diaz"
1241614,7,2,1,0.285714285714286,13.9632389013483,"FW","Enzo Larrosa"
1292829,11,3,0,0.272727272727273,15.2598695246393,"FW","Luis Miguel Angulo"
310403,15,4,0,0.266666666666667,19.0775623099548,"FW","Lucas Santiago Melano"
1107747,23,6,1,0.260869565217391,11.4730777137517,"FW","Juan Miritello"
179772,4,1,0,0.25,16.5177604096852,"MF_ofen","Iker Muniain"
212697,4,1,0,0.25,14.978823885874,"FW","Nicolas Blandi"
427912,4,1,0,0.25,23.5003980704864,"DF","Matias Catalan"
589519,4,1,0,0.25,16.5697133644706,"FW","Marcelo Gonzalez"
728290,8,2,0,0.25,15.9789094742155,"DF","Kevin Mac Allister"
787293,4,1,0,0.25,9.97978949711171,"MF_ofen","Gonzalo Bravo"
848187,12,3,0,0.25,16.9838638662867,"MF_no_ofen","Brian Sanchez"
876275,8,2,0,0.25,23.0025094357978,"MF_no_ofen","Braian Galvan"
1436205,8,2,0,0.25,19.290335752769,"DF","Franco Nicolas Tolosa"
564614,46,11,1,0.239130434782609,13.9892544748851,"FW","Lucas Passerini"
1200027,21,5,0,0.238095238095238,15.7919486965812,"FW","Luca Martinez Dupuy"
49677,49,11,4,0.224489795918367,11.5554038508004,"FW","Édinson Cavani"
469620,9,2,1,0.222222222222222,18.1327183729358,"FW","Juan Kaprof"
1216074,9,2,0,0.222222222222222,22.0065743230677,"FW","Facundo Echevarria"
211821,14,3,0,0.214285714285714,15.6570435911009,"FW","Luis Leal"
267894,52,11,5,0.211538461538462,13.016573597826,"FW","Guido Carrillo"
826418,104,22,1,0.211538461538462,14.8459310577102,"FW","Miguel Merentiel"
833682,19,4,1,0.210526315789474,19.3156445683165,"MF_no_ofen","Jesus Soraire"
1200720,29,6,0,0.206896551724138,16.9273857040107,"FW","Florian Monzon"
882933,122,25,3,0.204918032786885,13.8607294322101,"FW","Adrian Martinez"
109298,5,1,0,0.2,17.4995816926889,"DF","Mauricio Isla"
119010,5,1,0,0.2,18.8173413156894,"FW","Gustavo Bou"
150093,20,4,0,0.2,18.2280166598421,"FW","Eduardo Salvio"
164033,5,1,0,0.2,26.2271148121476,"DF","Ivan Pillud"
246553,5,1,0,0.2,25.9702876041907,"MF_no_ofen","Luciano Andres Abecasis"
432949,10,2,0,0.2,13.3301063146869,"FW","Sebastian Palacios"
469616,15,3,1,0.2,16.8625541546599,"MF_ofen","Maximiliano Meza"
528063,5,1,1,0.2,26.1825996236815,"DF","Lucas Suarez"
618947,10,2,1,0.2,12.6868295000607,"FW","Federico Castro"
954660,5,1,0,0.2,20.85410165147,"MF_ofen","Matias Pellegrini"
971264,15,3,1,0.2,18.7489588928561,"FW","Facundo Bruera"
1233747,5,1,0,0.2,24.9784816130743,"FW","Matias Sosa"
1345326,10,2,0,0.2,14.106030272605,"FW","Agustin Ojeda"
1523550,5,1,0,0.2,14.730973996784,"MF_ofen","Jeremias Lucco"
974755,41,8,1,0.195121951219512,14.7435204894881,"FW","Lucas Beltran"
1128929,36,7,2,0.194444444444444,17.6842616424208,"FW","Bruno Barticciotto"
1282008,31,6,3,0.193548387096774,16.6949698709185,"FW","Santiago Castro"
46552,21,4,2,0.19047619047619,17.124714200485,"MF_ofen","Matias Suarez"
113769,21,4,1,0.19047619047619,15.8701149502592,"FW","Lucas Pratto"
1109039,21,4,0,0.19047619047619,15.8379804251052,"FW","Franco Orozco"
129326,69,13,2,0.188405797101449,16.2958349601365,"MF_ofen","Franco Daniel Jara"
613299,64,12,3,0.1875,14.5125702332634,"FW","Maximiliano Romero"
115871,27,5,0,0.185185185185185,12.4485856772619,"FW","Martin Cauteruccio"
18859,38,7,1,0.184210526315789,11.5224701900317,"FW","Mauro Boselli"
175364,11,2,0,0.181818181818182,21.5115458515729,"DF","Nicolas Carlos Colazo"
517555,22,4,1,0.181818181818182,18.868251209499,"MF_no_ofen","Rodrigo Echeverria"
841947,33,6,0,0.181818181818182,18.8685966088722,"MF_ofen","Guido Mainero"
874621,11,2,1,0.181818181818182,19.4628983104042,"MF_no_ofen","Martin Payero"
623898,51,9,1,0.176470588235294,15.0810309975816,"FW","Jonathan Herrera"
1372669,17,3,1,0.176470588235294,21.6514377895628,"MF_ofen","Tomas O'Connor"
1199960,40,7,3,0.175,17.0870043724792,"MF_no_ofen","Cristian Medina"
281995,122,21,2,0.172131147540984,14.1345534864976,"FW","Miguel Borja"
812450,65,11,0,0.169230769230769,14.6139020196211,"FW","Walter Mazzanti"
256609,6,1,0,0.166666666666667,30.8294353101359,"DF","Leandro Gonzalez Pirez"
447095,6,1,0,0.166666666666667,25.1108197771938,"DF","Agustin Basso"
675102,66,11,0,0.166666666666667,16.050797180339,"FW","Michael Santos"
726261,36,6,0,0.166666666666667,19.4279810314183,"FW","Franco Troyansky"
1209065,6,1,0,0.166666666666667,12.0448742445138,"FW","Cristian Torres"
1257379,6,1,0,0.166666666666667,13.9798908119571,"MF_ofen","Agustin Rodriguez"
1271831,6,1,1,0.166666666666667,11.8347484876261,"FW","Camilo Viganoni"
1276546,6,1,0,0.166666666666667,18.9970282109341,"FW","Franco Torres"
1393534,6,1,0,0.166666666666667,21.433403043471,"FW","Jonathan Beron"
1408244,48,8,1,0.166666666666667,15.2382018155772,"FW","Javier Morales"
1441864,6,1,1,0.166666666666667,18.2745701995272,"FW","Leandro Moreira"
1458519,6,1,0,0.166666666666667,22.6683841573674,"MF_no_ofen","Juan Perez"
1532179,6,1,0,0.166666666666667,22.4224564808111,"DF","Manuel Guillen"
1680164,12,2,0,0.166666666666667,15.8915147391247,"MF_ofen","Santino Andino Valencia"
1336583,31,5,0,0.161290322580645,21.793349333297,"FW","Ezequiel Forclaz"
1132960,75,12,2,0.16,18.9830491920504,"FW","Ramon Sosa"
1332390,25,4,1,0.16,18.080945989021,"MF_ofen","Alexis Manyoma"
163766,38,6,1,0.157894736842105,14.8585577511377,"FW","Dario Benedetto"
647992,19,3,0,0.157894736842105,23.6725107219068,"MF_no_ofen","Jalil Elias"
617244,51,8,0,0.156862745098039,19.5223858098746,"FW","Lucas Emanuel Gamba"
1366607,32,5,0,0.15625,18.8185094992303,"FW","Gregorio Rodriguez"
1489242,32,5,1,0.15625,16.1470081298032,"MF_ofen","Geronimo Rivera"
51545,52,8,3,0.153846153846154,13.1719367638533,"FW","José Salomon Rondon"
281545,13,2,0,0.153846153846154,17.2039557632179,"MF_no_ofen","Baldomero Perlaza"
299645,13,2,0,0.153846153846154,16.9584308548825,"FW","Gabriel Hachen"
317775,13,2,0,0.153846153846154,17.5315757076153,"DF","Emanuel Insua"
1039686,26,4,0,0.153846153846154,17.7264848513739,"FW","Imanol Machuca"
1288591,26,4,1,0.153846153846154,18.0323590760269,"FW","Facundo Altamira"
1378924,13,2,0,0.153846153846154,12.8530435320925,"FW","Tobias Cervera"
1220657,40,6,0,0.15,20.2128645457325,"FW","Laurtaro Giaccone"
845370,68,10,5,0.147058823529412,13.184075998147,"FW","Adam Bareiro"
1250658,41,6,2,0.146341463414634,13.5822134519326,"FW","Alejo Veliz"
1362433,41,6,0,0.146341463414634,20.7713698972819,"MF_ofen","Baltasar Rodriguez"
113611,7,1,0,0.142857142857143,27.5412364273963,"DF","Leonardo German Sigali"
207617,42,6,0,0.142857142857143,22.6847178986332,"FW","Juan Quintero"
208672,14,2,0,0.142857142857143,13.7769910158705,"FW","Pablo Chavarria"
209541,7,1,0,0.142857142857143,22.486609270095,"MF_no_ofen","Enzo Kalinski"
257868,7,1,0,0.142857142857143,12.7134413126666,"MF_ofen","Juan Fernando Garro"
447556,14,2,0,0.142857142857143,28.568266764648,"DF","Paulo Diaz"
561041,14,2,0,0.142857142857143,17.5338427353381,"DF","Guillermo Pereira"
564610,7,1,0,0.142857142857143,29.3344822873859,"MF_no_ofen","Jorge Rodriguez"
615987,105,15,4,0.142857142857143,15.2711047613679,"FW","Braian Romero"
623641,21,3,0,0.142857142857143,25.0856227349166,"FW","Matias Rojas"
727095,56,8,1,0.142857142857143,14.2119645813846,"FW","Ignacio Ramirez"
741669,63,9,2,0.142857142857143,15.3953346509414,"FW","Bruno Sepulveda"
859754,7,1,0,0.142857142857143,23.4750135497339,"MF_no_ofen","Gabriel Neves"
890242,7,1,1,0.142857142857143,20.9243442031088,"MF_no_ofen","Maximiliano Comba"
989370,28,4,1,0.142857142857143,17.7150015753823,"FW","Alexis Cuello"
1074868,14,2,1,0.142857142857143,20.536870647904,"DF","Elias Sebastian Lopez"
1137661,7,1,0,0.142857142857143,21.6677823372484,"DF","Franco Paredes"
1222245,7,1,1,0.142857142857143,11.4723445935601,"MF_no_ofen","Franco Frias"
1336905,7,1,0,0.142857142857143,12.2392034632907,"DF","Mauro Peinipil"
1338016,7,1,0,0.142857142857143,25.4049521428131,"DF","Valentin Gomez"
1617224,7,1,0,0.142857142857143,16.1670192968623,"FW","Alejo Sarco"
1042571,36,5,1,0.138888888888889,17.8160566541198,"MF_ofen","Francisco Agustin Gonzalez"
835409,65,9,1,0.138461538461538,18.9672779512952,"FW","Nahuel Lautaro Bustos"
425711,123,17,4,0.138211382113821,15.0287094258017,"FW","Gabriel Avalos"
561737,66,9,0,0.136363636363636,17.7610118590062,"MF_ofen","Marcelino Moreno"
809766,97,13,3,0.134020618556701,13.711011994785,"FW","Marcelo Estigarribia"
566260,105,14,1,0.133333333333333,17.2614158810529,"MF_ofen","Walter Bou"
616400,30,4,0,0.133333333333333,15.8517302126404,"FW","Alexis Pedro Canelo"
788656,15,2,1,0.133333333333333,19.1872327682035,"FW","Norberto Briasco"
1296305,15,2,0,0.133333333333333,20.5000056108659,"DF","Juan Andres Meli"
1607551,15,2,0,0.133333333333333,20.0709219811222,"MF_no_ofen","Benjamin Schamine"
1201406,128,17,1,0.1328125,16.4964322673474,"FW","Pablo Solari"
589900,61,8,0,0.131147540983607,14.1439937800873,"FW","Ramon Abila"
41018,54,7,0,0.12962962962963,17.5193757230275,"FW","Gabriel Hauche"
479026,54,7,1,0.12962962962963,18.7170461218756,"FW","Roger Martinez"
1338045,31,4,1,0.129032258064516,18.6971298968016,"FW","Mateo Sanabria"
1256242,39,5,2,0.128205128205128,15.0616838790806,"MF_ofen","Tomas Galvan"
659738,71,9,1,0.126760563380282,17.3035474542799,"FW","Ronaldo Martinez"
29587,8,1,0,0.125,13.0286786411768,"MF_ofen","Maxi Moralez"
118767,8,1,0,0.125,13.3726685801506,"FW","Cristian Colman"
309693,16,2,0,0.125,21.1728017440177,"MF_no_ofen","Guillermo Fernandez"
311684,16,2,1,0.125,17.8193518032994,"FW","Juan Cavallaro"
958860,8,1,0,0.125,26.3108042434339,"DF","Santiago Leonel Sosa"
1074074,16,2,0,0.125,20.3418293116939,"MF_no_ofen","Alan Sonora"
1098460,40,5,0,0.125,17.7907838582286,"FW","Alan Cantero"
1133119,24,3,0,0.125,24.6362333530148,"DF","Gaston Martirena"
1211623,24,3,1,0.125,21.5908948172975,"MF_no_ofen","Vicente Poggi"
1215735,8,1,0,0.125,12.7481816274262,"FW","Luis Vazquez"
1277343,8,1,0,0.125,20.6690690321833,"MF_no_ofen","Federico Redondo"
1342579,88,11,3,0.125,19.483606532637,"MF_no_ofen","Alan Lescano"
1372430,32,4,0,0.125,14.6690465599852,"FW","Luca Langoni"
1374130,8,1,0,0.125,14.3528977146822,"MF_ofen","Franco Nicola"
1580546,8,1,0,0.125,12.9454571055617,"FW","Agustin Ruberto"
1607567,8,1,0,0.125,25.9287825854487,"DF","Thiago Santamaria"
1647815,8,1,0,0.125,22.6902657908633,"MF_ofen","Franco Minerva"
1685812,16,2,0,0.125,15.313409943683,"FW","Joaquin Tobio Burgos"
690398,74,9,0,0.121621621621622,21.3028375299184,"FW","Santiago Rodriguez"
1054259,58,7,1,0.120689655172414,13.3209134158705,"FW","Mauro Mendez"
206856,25,3,2,0.12,17.2516538836692,"FW","Jorge Benitez"
306504,25,3,1,0.12,21.7682164276327,"DF","Damian Alberto Martinez"
905546,67,8,2,0.119402985074627,17.2645348673903,"FW","Mateo Retegui"
624411,93,11,2,0.118279569892473,17.5508000193695,"FW","Eric Ivan Ramirez"
543304,34,4,0,0.117647058823529,19.4522375905109,"MF_ofen","Nicolas Oroz"
1201884,34,4,0,0.117647058823529,18.7340522669025,"MF_no_ofen","Lucas Brochero"
1232258,102,12,3,0.117647058823529,15.7886627059686,"FW","Luciano Gondou"
288759,78,9,1,0.115384615384615,17.1454871178306,"FW","Francisco Pizzini"
793800,52,6,2,0.115384615384615,16.635821165465,"MF_no_ofen","Renzo Tesuri"
1186693,61,7,1,0.114754098360656,20.2993361615375,"MF_ofen","Aaron Molinas"
751219,35,4,0,0.114285714285714,17.197621237885,"FW","Gabriel Gudino"
1241957,35,4,1,0.114285714285714,21.4899086088261,"MF_ofen","Matias Galarza Fonda"
30536,36,4,1,0.111111111111111,16.2039573621346,"FW","Lisandro Lopez"
164035,9,1,0,0.111111111111111,29.1378106324678,"MF_no_ofen","Fernando Gabriel Godoy"
213106,9,1,0,0.111111111111111,13.1382809187444,"FW","Silvio Romero"
470847,54,6,2,0.111111111111111,17.4177303996797,"FW","Ignacio Pussetto"
643577,9,1,0,0.111111111111111,19.783489975795,"DF","Marcelo Saracchi"
670344,117,13,4,0.111111111111111,16.6606835244386,"FW","Milton Gimenez"
683535,9,1,0,0.111111111111111,17.2337751871523,"MF_no_ofen","Esteban Rolon"
900404,18,2,0,0.111111111111111,16.8666919473322,"DF","Hernan De La Fuente"
902969,9,1,0,0.111111111111111,22.163790256032,"DF","Francisco Ortega"
1033282,9,1,0,0.111111111111111,15.1429577462431,"FW","Cristhian Ocampos"
1083898,9,1,0,0.111111111111111,23.6328719906247,"DF","Augustin Lagos"
1233748,18,2,1,0.111111111111111,11.4101597539202,"FW","Jose Romero"
1398532,36,4,2,0.111111111111111,16.1598621827768,"MF_ofen","Matias Abaldo"
1562427,9,1,0,0.111111111111111,16.5996962105928,"MF_no_ofen","Giovani Chiaverano"
1630645,9,1,0,0.111111111111111,19.0241986869227,"MF_no_ofen","Santiago Gonzalez"
1662026,27,3,0,0.111111111111111,18.1629020354639,"MF_ofen","Mateo Silvetti"
566676,163,18,0,0.110429447852761,17.7735676656386,"FW","Uvita Fernandez"
688827,91,10,1,0.10989010989011,19.093485068716,"FW","Tomas Conechny"
921749,46,5,1,0.108695652173913,13.5369942574801,"FW","Matias Coccaro"
198056,83,9,2,0.108433734939759,17.5865318935631,"FW","Leandro Diaz"
1219978,74,8,0,0.108108108108108,20.4885394683614,"MF_ofen","Ulises Sanchez"
1436222,47,5,1,0.106382978723404,16.9376623367897,"FW","Jeronimo Domina"
466164,66,7,2,0.106060606060606,14.5878947767708,"FW","Pablo Vegetti"
1330616,85,9,0,0.105882352941176,19.8132474138848,"FW","Tadeo Allende"
164681,19,2,0,0.105263157894737,18.1435466478942,"FW","Ciro Rius"
571578,19,2,0,0.105263157894737,12.9588632907649,"FW","Victorio Gabriel Ramis"
1266877,19,2,0,0.105263157894737,20.9712170107251,"DF","Martin Ortega"
1408581,19,2,0,0.105263157894737,22.7782885767919,"MF_ofen","Franco Alfonso"
723668,96,10,2,0.104166666666667,15.8064512692333,"FW","Cristian Alberto Tarragona"
246350,29,3,0,0.103448275862069,17.9829391443978,"MF_ofen","Gabriel Graciani"
1343195,49,5,2,0.102040816326531,16.6188239425316,"FW","Abiel Osorio"
561038,10,1,1,0.1,28.1150082257661,"DF","Nestor Breitenbruch"
724854,80,8,2,0.1,19.1942078458562,"MF_no_ofen","Santiago Ascacibar"
892175,60,6,1,0.1,21.166335828769,"MF_no_ofen","Cristian Ferreira"
949735,110,11,1,0.1,16.0739804505464,"MF_ofen","Facundo Colidio"
961717,20,2,0,0.1,19.2936523274424,"DF","Nicolas Morgantini"
971269,50,5,1,0.1,13.9360812950121,"FW","Facundo Suarez"
994916,70,7,1,0.1,15.2816538730975,"FW","Federico Girotti"
1200023,40,4,0,0.1,12.359256836371,"FW","Ignacio Russo"
1214100,30,3,0,0.1,20.3929072595573,"DF","Gaston Benedetti"
1460063,50,5,0,0.1,16.2992688537109,"FW","Thiago Fernandez"
1485158,10,1,0,0.1,16.8031713143294,"FW","Santiago Lopez"
1513420,20,2,0,0.1,21.4640703096042,"MF_ofen","Javier Ruiz"
1528894,10,1,0,0.1,20.472611337,"MF_no_ofen","Lionel Verde"
1180919,91,9,2,0.0989010989010989,15.4958303868361,"FW","Salomon Rodriguez"
832164,72,7,1,0.0972222222222222,19.3700858196326,"FW","Gaston Togni"
609985,31,3,1,0.0967741935483871,21.7068545706052,"MF_ofen","David Barbona"
626154,31,3,0,0.0967741935483871,11.2120830176924,"FW","Juan Manuel Garcia"
809620,52,5,2,0.0961538461538462,15.2982486903061,"FW","Leonardo Heredia"
1402346,73,7,0,0.0958904109589041,25.3837556997117,"FW","Maximiliano Zalazar"
795163,21,2,0,0.0952380952380952,27.6093758539165,"MF_no_ofen","Agustin Cardozo"
920404,21,2,1,0.0952380952380952,29.7268607944263,"DF","Francisco Alvarez"
1097396,21,2,0,0.0952380952380952,21.3912513501861,"FW","Marcos Iacobellis"
1201409,42,4,0,0.0952380952380952,23.685590708695,"FW","Ramiro Sordo"
1216071,21,2,0,0.0952380952380952,17.0739484050903,"FW","Lucas Varaldo"
884282,139,13,1,0.0935251798561151,20.7348454608987,"FW","Mateo Agustin Coronel"
1037535,75,7,0,0.0933333333333333,25.2145880076573,"MF_no_ofen","Hernan Lopez"
1201768,43,4,0,0.0930232558139535,22.3563719049748,"DF","Eric Meza"
1354120,43,4,0,0.0930232558139535,22.2871598569767,"MF_ofen","Santiago Toloza"
1372718,43,4,0,0.0930232558139535,22.213842946692,"DF","Jose Herrera"
837870,119,11,0,0.092436974789916,21.8463923315468,"FW","Jaminton Campaz"
438629,11,1,1,0.0909090909090909,17.063628622713,"FW","Lucas Albertengo"
470868,11,1,0,0.0909090909090909,21.898801110766,"MF_no_ofen","José Mauri"
787218,11,1,0,0.0909090909090909,14.4824086875057,"FW","Fernando Romero"
918492,11,1,0,0.0909090909090909,26.0568673501035,"MF_no_ofen","Jeronimo Cacciabue"
962665,66,6,1,0.0909090909090909,19.9457596768101,"FW","Pedro De la Vega"
1035611,44,4,0,0.0909090909090909,17.2422524581141,"MF_no_ofen","Alan Jesus Rodriguez"
1048053,11,1,0,0.0909090909090909,21.7587231409148,"DF","Miguel Navarro"
1200664,33,3,0,0.0909090909090909,20.3014251277462,"MF_ofen","Lucas Besozzi"
1216082,11,1,0,0.0909090909090909,13.8952574048486,"DF","Ezequiel Cannavo"
1228220,22,2,0,0.0909090909090909,22.6670310654353,"MF_ofen","Franco Baldassarra"
1252163,11,1,0,0.0909090909090909,20.0928399929523,"FW","Matias Benitez"
1270044,11,1,0,0.0909090909090909,18.588956834455,"MF_ofen","Sebastian Medina"
1362517,44,4,0,0.0909090909090909,21.305102887049,"MF_no_ofen","Rodrigo Atencio"
620528,56,5,0,0.0892857142857143,23.5413170690645,"MF_no_ofen","Nicolas Castro"
1232259,45,4,0,0.0888888888888889,20.734068733516,"FW","Joaquin Gho"
182301,34,3,0,0.0882352941176471,21.4783887557012,"FW","Luis Miguel Rodriguez"
725782,34,3,0,0.0882352941176471,20.6706745498641,"MF_no_ofen","Hector Fertoli"
1110044,34,3,0,0.0882352941176471,18.7244160444143,"FW","Exequiel Zeballos"
1127325,34,3,0,0.0882352941176471,17.7258421921932,"FW","Braian Martinez"
1215721,34,3,2,0.0882352941176471,16.7147258964923,"FW","Ivo Mammini"
793872,23,2,0,0.0869565217391304,17.2195165868022,"FW","Nicolas Reniero"
1199959,23,2,0,0.0869565217391304,22.0663761525621,"MF_no_ofen","Equi Fernandez"
1200015,23,2,0,0.0869565217391304,19.07484295223,"MF_ofen","Luciano Ferreyra"
1363660,23,2,0,0.0869565217391304,21.9251052211221,"FW","Gianluca Prestianni"
662089,35,3,1,0.0857142857142857,15.5176008747323,"FW","Jonathan Torres"
1232257,35,3,1,0.0857142857142857,20.677327303578,"DF","Sasha Marcich"
362229,82,7,0,0.0853658536585366,21.1172927594513,"MF_ofen","Victor Malcorra"
1249664,47,4,1,0.0851063829787234,21.2410493488602,"DF","Eros Mancuso"
751198,59,5,0,0.0847457627118644,20.8588768847169,"MF_no_ofen","Nicolás de la Cruz"
793285,59,5,1,0.0847457627118644,16.4008631011992,"FW","Alexis Dominguez"
1034344,59,5,0,0.0847457627118644,18.6801458493167,"MF_ofen","Mauro Luna Diale"
1025559,71,6,2,0.0845070422535211,14.7035861552659,"FW","Matias Gimenez Rojas"
114225,48,4,0,0.0833333333333333,16.4142639948128,"FW","Javier Fabian Toledo"
164031,12,1,1,0.0833333333333333,19.3795320744069,"MF_ofen","Nicolás Gaitán"
193937,12,1,0,0.0833333333333333,18.5589069779697,"MF_no_ofen","Bruno Zuculini"
466692,48,4,1,0.0833333333333333,17.4613825043802,"FW","Jorge Recalde"
581174,12,1,0,0.0833333333333333,12.8992849045549,"FW","Leandro Contin"
617247,12,1,0,0.0833333333333333,16.6623463185046,"FW","Franco Soldano"
639679,12,1,0,0.0833333333333333,23.9077018802903,"MF_no_ofen","Juan Manuel Vazquez"
743009,24,2,2,0.0833333333333333,21.5530536198729,"DF","Adrian Sporle"
751057,12,1,0,0.0833333333333333,27.3498227870246,"MF_no_ofen","Francis Mac Allister"
785840,36,3,0,0.0833333333333333,17.3787678147047,"FW","Ivan Morales"
787284,12,1,0,0.0833333333333333,9.03494297776782,"FW","Enzo Copetti"
801725,12,1,0,0.0833333333333333,27.7941956141891,"MF_no_ofen","Cristian Vega"
1074976,12,1,0,0.0833333333333333,28.7799426274087,"DF","Nazareno Colombo"
1094295,24,2,0,0.0833333333333333,19.7323810856032,"MF_ofen","Brian Farioli"
1128964,12,1,0,0.0833333333333333,22.5807099916317,"MF_no_ofen","Tiago Banega"
1135677,12,1,0,0.0833333333333333,17.8845564843626,"DF","Juan Saborido"
1213769,24,2,0,0.0833333333333333,20.2331032212439,"DF","Ayrton Costa"
1238746,12,1,0,0.0833333333333333,22.6342424531443,"DF","Manuel Garcia"
1357993,84,7,0,0.0833333333333333,18.2431294792438,"FW","Santiago Solari"
1385885,12,1,0,0.0833333333333333,25.6012845421138,"MF_ofen","Sergio Ortiz"
1523536,12,1,0,0.0833333333333333,20.1856297237166,"MF_ofen","Geronimo Heredia"
1552554,12,1,0,0.0833333333333333,14.522177733744,"FW","Agustin Modica"
564613,49,4,0,0.0816326530612245,18.1030232750681,"FW","Javier Correa"
824068,37,3,0,0.0810810810810811,24.2634303438777,"MF_no_ofen","Sergio Quiroga"
168390,50,4,0,0.08,20.2858531428455,"MF_ofen","Ruben Botta"
1085213,50,4,0,0.08,17.4182096841014,"FW","Mateo Bajamich"
1213652,25,2,1,0.08,22.7930546147,"DF","Juan Barinaga"
1221231,25,2,0,0.08,14.9332485848419,"FW","Maestro Puch Ignacio"
681608,38,3,2,0.0789473684210526,11.3512786567851,"FW","Andres Vombergar"
1042007,38,3,0,0.0789473684210526,17.8295994995476,"DF","Matias Godoy"
1352729,38,3,0,0.0789473684210526,25.0810193385091,"DF","Gabriel Diaz"
1224237,89,7,1,0.0786516853932584,17.0796529888792,"FW","Mateo Pellegrino"
618807,51,4,0,0.0784313725490196,23.0053073054269,"MF_no_ofen","Rodrigo Bogarin"
274528,26,2,0,0.0769230769230769,24.5896842194247,"MF_ofen","Oscar Romero"
561037,13,1,1,0.0769230769230769,25.4576354276511,"DF","Jorge Figal"
571457,13,1,0,0.0769230769230769,16.2389182842388,"FW","Facundo Castelli"
693593,26,2,0,0.0769230769230769,16.2172134929193,"FW","Augusto Lotti"
740796,39,3,0,0.0769230769230769,14.6270929364994,"FW","Nicolas Servetto"
837890,13,1,0,0.0769230769230769,17.608340599256,"FW","Eric Kleybel Ramirez"
842894,13,1,0,0.0769230769230769,16.6309641518188,"MF_ofen","Javier Altamirano"
979800,26,2,1,0.0769230769230769,14.4168276028013,"FW","Guillermo May"
1085220,13,1,0,0.0769230769230769,11.3257144218594,"FW","Martin Pino"
1093746,52,4,0,0.0769230769230769,23.9883541016672,"MF_ofen","Rodrigo Garro"
1336919,66,5,2,0.0757575757575758,12.3542051127925,"FW","Rodrigo Castillo"
1435714,66,5,0,0.0757575757575758,22.9277143217177,"DF","Santiago Gabriel Montiel"
1401243,40,3,0,0.075,21.5295988067009,"FW","Daniel Barrea"
753077,41,3,1,0.0731707317073171,22.0627049565546,"MF_no_ofen","Leandro Maciel"
33101,14,1,0,0.0714285714285714,16.3698049027235,"FW","José Paolo Guerrero"
160166,14,1,0,0.0714285714285714,12.1324235974528,"MF_ofen","Facundo Ferreyra"
300765,14,1,0,0.0714285714285714,22.3190028846232,"DF","Gonzalo Bettini"
504322,28,2,0,0.0714285714285714,23.6368301468605,"MF_ofen","Matias Ramirez"
678458,14,1,0,0.0714285714285714,23.4754921797115,"FW","Axel Rodriguez"
747221,14,1,0,0.0714285714285714,24.0133123477997,"FW","Maximiliano Lovera"
808159,14,1,0,0.0714285714285714,22.1156554154391,"DF","Enzo Hernan Diaz"
847986,14,1,0,0.0714285714285714,27.7628234924701,"MF_no_ofen","Ignacio Mendez"
1201407,28,2,0,0.0714285714285714,17.5261482949701,"MF_no_ofen","Brian Calderara"
1314171,14,1,0,0.0714285714285714,20.2060346243956,"MF_ofen","Gonzalo Rios"
1073365,72,5,0,0.0694444444444444,21.0777391834878,"FW","Benjamin Rollheiser"
1231195,72,5,1,0.0694444444444444,20.1689767202747,"MF_ofen","Tiago Asael Palacios"
1244348,58,4,0,0.0689655172413793,19.7215512937096,"MF_no_ofen","Ignacio Rodriguez"
1253932,29,2,0,0.0689655172413793,23.3005234842618,"FW","Manuel Duarte"
839634,88,6,2,0.0681818181818182,17.9960677163384,"FW","Blas Armoa"
923598,44,3,1,0.0681818181818182,15.0583058151839,"FW","Tomas Badaloni"
1437366,44,3,0,0.0681818181818182,20.1639567568452,"MF_no_ofen","Damian Puebla"
466222,15,1,0,0.0666666666666667,17.1600585965571,"MF_no_ofen","Raul Loaiza"
564611,15,1,1,0.0666666666666667,14.3611229581388,"FW","Mauricio Asenjo"
673769,30,2,0,0.0666666666666667,14.6077612396318,"DF","Bruno Pitton"
823206,30,2,0,0.0666666666666667,26.6173901110917,"DF","Lucas Blondel"
845944,15,1,0,0.0666666666666667,16.6310179888497,"MF_no_ofen","Nicolas Sosa"
929338,30,2,0,0.0666666666666667,17.3331960598065,"DF","Gaston Americo Benavidez"
1020747,30,2,1,0.0666666666666667,13.5325028724734,"FW","Nicolas Cordero"
1095186,45,3,0,0.0666666666666667,23.0951435724126,"MF_no_ofen","Rodrigo Cabral"
1135817,15,1,0,0.0666666666666667,21.0629624219783,"FW","Cristian Zabala"
1232260,15,1,0,0.0666666666666667,18.2981423444535,"FW","Lenny Lobato"
1486264,45,3,0,0.0666666666666667,19.3511306638241,"MF_no_ofen","Claudio Jeremias Echeverri"
229816,76,5,0,0.0657894736842105,17.9686289822005,"FW","Ignacio Fernandez"
492796,76,5,0,0.0657894736842105,20.9352195123245,"MF_ofen","Claudio Aquino"
924959,46,3,1,0.0652173913043478,23.2625440145039,"MF_ofen","Edwin Cetre"
1201039,78,5,0,0.0641025641025641,21.920129768152,"DF","Kevin Zenon"
46384,32,2,0,0.0625,18.8168787268804,"MF_ofen","Pablo Piatti"
127623,16,1,0,0.0625,11.8975236818629,"FW","Cristian Menendez"
592919,16,1,0,0.0625,15.3721475142789,"FW","Agustin Fontana"
879858,32,2,1,0.0625,22.2377654533578,"MF_ofen","Agustin Palavecino"
1047589,32,2,0,0.0625,20.6877094629953,"MF_ofen","Luciano Boggio"
1200663,16,1,1,0.0625,18.2207295772414,"DF","Pedro Ramirez"
1248060,32,2,0,0.0625,21.600920992317,"FW","Alejandro Martinez"
1520154,16,1,1,0.0625,20.1281228008276,"MF_ofen","Facundo Lencioni"
730647,49,3,0,0.0612244897959184,19.7519825623224,"FW","Maximiliano Salas"
935060,49,3,0,0.0612244897959184,24.946584260918,"MF_ofen","Agustin Almendra"
994917,49,3,0,0.0612244897959184,20.778739061241,"MF_ofen","Jose Paradela"
751138,66,4,0,0.0606060606060606,20.7811958395668,"MF_no_ofen","Gonzalo Maroni"
941949,33,2,0,0.0606060606060606,23.7744706216568,"MF_no_ofen","Williams Alarcon"
18628,17,1,0,0.0588235294117647,11.7975739887875,"FW","Marco Ruben"
554051,17,1,0,0.0588235294117647,21.7892960218975,"MF_no_ofen","Lucas Colitto"
783809,34,2,0,0.0588235294117647,18.6367927864421,"FW","Diego Valoyes"
1216428,17,1,0,0.0588235294117647,14.0232577992085,"MF_ofen","Silvio Ulariaga"
1295031,17,1,0,0.0588235294117647,20.7174214912377,"FW","Gonzalo Flores"
859319,69,4,0,0.0579710144927536,22.9633338435928,"FW","Sebastián Villa"
889729,71,4,1,0.0563380281690141,23.7785617294576,"MF_no_ofen","Roberto Nicolas Fernandez"
1253283,18,1,0,0.0555555555555556,20.6962328205614,"DF","Mateo Barcia"
1269982,18,1,0,0.0555555555555556,21.0817212127465,"MF_ofen","Bruno Zapelli"
1200746,92,5,0,0.0543478260869565,21.8399550006781,"FW","Brian Aguirre"
166509,37,2,0,0.0540540540540541,19.2865618922458,"MF_ofen","Lucas Nahuel Castro"
882460,37,2,1,0.0540540540540541,20.5564895745427,"MF_ofen","Jonas Acevedo"
485378,56,3,0,0.0535714285714286,14.9402663908303,"FW","Nicolas Orsini"
514296,75,4,0,0.0533333333333333,16.9530931080793,"FW","Adrian Balboa"
509189,19,1,1,0.0526315789473684,24.8420251123413,"DF","Elias Gomez"
616153,19,1,0,0.0526315789473684,21.2870820056454,"DF","Nicolas Tripichio"
760273,19,1,0,0.0526315789473684,19.5274595352131,"DF","Jonathan Bay"
864271,19,1,0,0.0526315789473684,27.606951402434,"DF","Thomas Galdames"
941538,19,1,0,0.0526315789473684,19.2518206188856,"DF","Juan Infante"
971268,19,1,0,0.0526315789473684,15.3134086694281,"FW","Facundo Pons"
1039403,38,2,0,0.0526315789473684,17.2180676096449,"FW","Santiago Pierotti"
1088084,38,2,0,0.0526315789473684,19.8399240775685,"FW","Valentin Depietri"
1131702,19,1,0,0.0526315789473684,17.5425470597398,"MF_no_ofen","Martin Ezequiel Canete"
1316088,95,5,1,0.0526315789473684,20.8042280261726,"FW","Benjamin Dominguez"
630500,20,1,0,0.05,20.688392751178,"DF","Leonardo Godoy"
939965,20,1,0,0.05,22.2816252114244,"DF","Martin Garay"
1093699,20,1,1,0.05,20.3266170943212,"DF","Armando Mendez"
1353738,20,1,0,0.05,27.0574535452887,"MF_no_ofen","Rodrigo Saravia"
1358345,20,1,0,0.05,17.9189037071283,"DF","Agustin Giay"
586720,61,3,1,0.0491803278688525,17.2873721941022,"FW","Gabriel Alanis"
161344,41,2,0,0.0487804878048781,20.1956005514804,"MF_no_ofen","Federico Mancuello"
1336106,41,2,1,0.0487804878048781,22.2541214132897,"MF_ofen","David Zalazar"
360797,42,2,0,0.0476190476190476,17.6090055212963,"FW","Lucas Janson"
416311,21,1,0,0.0476190476190476,24.4016810816322,"DF","Juan Franco"
748843,84,4,1,0.0476190476190476,18.152252510735,"MF_ofen","Francisco Gonzalez Metilli"
902983,21,1,0,0.0476190476190476,31.7753570099227,"MF_no_ofen","Yonatan Goitia"
1218336,21,1,0,0.0476190476190476,22.7589135501511,"MF_ofen","Juan Gauto"
1280335,21,1,0,0.0476190476190476,22.7584883535129,"MF_no_ofen","Simon Rivero"
1336846,21,1,0,0.0476190476190476,17.741717393995,"DF","Mateo Del Blanco"
150701,43,2,0,0.0465116279069767,21.4211319157483,"MF_ofen","Jonathan Gomez"
805540,43,2,0,0.0465116279069767,20.9849214270414,"DF","Gabriel Rojas"
889715,43,2,0,0.0465116279069767,17.8199418786363,"MF_ofen","Brahian Cuello"
1321686,43,2,1,0.0465116279069767,25.7452828026256,"MF_ofen","Marcos Portillo"
529104,22,1,0,0.0454545454545455,22.2646258696938,"MF_no_ofen","Favio Alvarez"
728323,22,1,0,0.0454545454545455,14.6922400730859,"FW","Tomas Molina"
1045037,22,1,0,0.0454545454545455,21.5928365183795,"DF","Lucas Arce"
1053727,44,2,0,0.0454545454545455,19.9414937773212,"FW","Johan Carbonero"
1378855,22,1,0,0.0454545454545455,25.1451944389259,"MF_no_ofen","Elian Irala"
1435121,22,1,0,0.0454545454545455,28.3897249784492,"MF_no_ofen","Kevin Vazquez"
507948,23,1,1,0.0434782608695652,12.4469114636578,"FW","Leandro Garate"
529351,23,1,0,0.0434782608695652,19.113009296931,"MF_no_ofen","Ezequiel Ham"
647245,46,2,0,0.0434782608695652,21.1050136311047,"MF_no_ofen","Mauro Pitton"
892643,47,2,0,0.0425531914893617,18.1354861166447,"FW","Luciano Herrera"
965091,24,1,0,0.0416666666666667,23.4402306824623,"DF","Marcelo Herrera"
1087773,24,1,0,0.0416666666666667,21.6680067248505,"MF_no_ofen","Juan Nardoni"
1098367,24,1,0,0.0416666666666667,22.0468871693357,"DF","Nahuel Banegas"
1088057,50,2,0,0.04,23.2997301390289,"MF_no_ofen","Lucas Gonzalez"
1339423,50,2,1,0.04,19.5589447691723,"MF_ofen","Juan Bisanz"
1315121,77,3,1,0.038961038961039,21.5454341290339,"MF_ofen","Ivan Leguizamon"
828718,26,1,0,0.0384615384615385,27.7754788178219,"MF_ofen","Matias Marin"
1110613,26,1,0,0.0384615384615385,23.7554868676824,"MF_no_ofen","Luis Sequeira"
1354125,26,1,1,0.0384615384615385,14.1529320664895,"FW","Flabian Londono"
1451319,26,1,0,0.0384615384615385,28.5328236466981,"MF_no_ofen","Joaquin Mosqueira"
1499651,26,1,0,0.0384615384615385,21.6359606049874,"FW","Dylan Aquino"
394125,27,1,0,0.037037037037037,17.6569963592676,"MF_no_ofen","Milton Aaron Celiz"
745206,27,1,1,0.037037037037037,14.7166256479055,"FW","Jhonatan Candia"
1314218,27,1,0,0.037037037037037,20.8112522698071,"MF_ofen","Alex Luna"
1336567,27,1,0,0.037037037037037,26.4585909530693,"MF_no_ofen","Kevin Ortiz"
1362516,27,1,0,0.037037037037037,14.8414827962029,"FW","Santiago Massa"
805592,28,1,1,0.0357142857142857,23.1818670584715,"DF","Angelo Martino"
1281230,28,1,0,0.0357142857142857,27.7017559668513,"MF_no_ofen","Juan Camilo Portilla"
742643,29,1,0,0.0344827586206897,18.4081219139733,"FW","Nicolas Benegas"
1117950,58,2,0,0.0344827586206897,24.3471632730241,"FW","Matias Esquivel"
1400295,29,1,0,0.0344827586206897,20.7155589804153,"MF_no_ofen","Elias Cabrera"
469007,60,2,1,0.0333333333333333,23.2851575531624,"MF_no_ofen","Ramiro Carrera"
577674,30,1,1,0.0333333333333333,17.6279350249144,"DF","Matias Orihuela"
623986,30,1,0,0.0333333333333333,17.1145503701411,"MF_ofen","Alexis Castro"
1280328,30,1,0,0.0333333333333333,22.9183356431257,"MF_ofen","Vicente Taborda"
324723,31,1,0,0.032258064516129,21.3710345297309,"MF_no_ofen","Fernando Zuqui"
1248446,31,1,0,0.032258064516129,21.0326081885731,"FW","Juan Esquivel"
1265160,32,1,0,0.03125,24.9311728793828,"MF_ofen","Franco Diaz"
1271801,33,1,0,0.0303030303030303,23.8045564660112,"FW","Matias Reali"
939335,34,1,0,0.0294117647058824,19.0320665833895,"FW","Ramiro Ruiz"
1095779,34,1,1,0.0294117647058824,19.1824864322711,"DF","Facundo Mater"
1118246,34,1,0,0.0294117647058824,23.9496834541329,"MF_no_ofen","Adrian Sanchez"
1129078,35,1,0,0.0285714285714286,18.8863025021015,"MF_no_ofen","Jose Florentin"
210276,36,1,0,0.0277777777777778,20.5301443072628,"MF_ofen","Manuel Lanzini"
944446,36,1,0,0.0277777777777778,27.6808484257923,"MF_no_ofen","Ivan Tapia"
981079,36,1,0,0.0277777777777778,24.1360783685528,"MF_ofen","Matko Miljevic"
1020248,36,1,0,0.0277777777777778,20.6369234803997,"MF_ofen","Agustin Ocampo"
18518,37,1,0,0.027027027027027,22.0371757725202,"MF_ofen","Jose Sosa"
789068,74,2,0,0.027027027027027,19.7730836460246,"FW","Ezequiel Barco"
1134305,37,1,0,0.027027027027027,23.450850290984,"DF","Rodrigo Insua"
1186694,37,1,0,0.027027027027027,22.9164331664121,"MF_no_ofen","Enzo Roldan"
620541,38,1,0,0.0263157894736842,23.2757964489703,"MF_no_ofen","Guillermo Acosta"
971890,38,1,0,0.0263157894736842,24.2165138024573,"MF_ofen","Brian Guzman"
1200667,38,1,0,0.0263157894736842,24.6188291854969,"DF","Braian Aguirre"
1372337,39,1,0,0.0256410256410256,20.4217112141508,"MF_ofen","Manuel Monaco"
838234,41,1,0,0.024390243902439,21.7070325283048,"MF_ofen","Cristian Nahuel Barrios"
1033314,41,1,1,0.024390243902439,15.9828148143542,"FW","Thiago Nuss"
1388237,41,1,0,0.024390243902439,21.4096952804491,"MF_no_ofen","Javier Vallejo"
618716,46,1,1,0.0217391304347826,18.6887914583711,"MF_no_ofen","Rodrigo Aliendro"
830063,46,1,0,0.0217391304347826,23.9350720191057,"MF_ofen","Juan Cejas"
938003,48,1,0,0.0208333333333333,22.0635196557606,"DF","Malcom Braida"
848153,50,1,0,0.02,19.7112174219082,"MF_ofen","Juan Alvarez"
918846,63,1,0,0.0158730158730159,17.6343628879531,"FW","Gaston Veron"
917619,66,1,0,0.0151515151515152,20.7734755068393,"MF_no_ofen","Gaston Lodico"
831541,93,1,0,0.010752688172043,26.8332087197531,"MF_ofen","Joaquin Pereyra"
18483,2,0,0,0,30.2551223201178,"MF_no_ofen","Pablo Javier Perez"
18653,8,0,0,0,11.6594467413916,"FW","José Sand"
18978,3,0,0,0,28.3839264706401,"MF_no_ofen","Sebastián Prediger"
40148,11,0,0,0,22.1337334487917,"MF_no_ofen","Enzo Pérez"
45457,1,0,0,0,12.7076304284509,"MF_no_ofen","Nicolas Bertolo"
46295,12,0,0,0,13.6675751270061,"FW","Lautaro Acosta"
47547,1,0,0,0,25.2299040118641,"DF","Emiliano Insua"
56678,2,0,0,0,19.3348636469579,"DF","Diego Godin"
56972,9,0,0,0,28.9068253764902,"DF","Carlos Sánchez"
68512,3,0,0,0,24.2911805570081,"DF","Cristian Baez"
74931,3,0,0,0,23.4228362474625,"MF_no_ofen","Damian Diaz"
94631,6,0,0,0,20.4868976903484,"DF","Leonel Vangioni"
103816,5,0,0,0,16.545484467578,"DF","Paolo Duva Goltz"
105548,4,0,0,0,13.8139602776638,"FW","Abel Hernández"
108568,16,0,0,0,19.3189314481474,"MF_no_ofen","Éver Banega"
113615,8,0,0,0,12.3040914210357,"DF","Carlos Quintana"
114341,1,0,0,0,34.0044525485279,"DF","Bruno Bianchi"
114490,1,0,0,0,32.280409723544,"MF_no_ofen","Diego González"
127742,3,0,0,0,25.015415090337,"MF_no_ofen","Luciano Aued"
130118,23,0,0,0,16.1872336433895,"MF_no_ofen","Pablo De Blasis"
131619,9,0,0,0,18.7787283192528,"DF","Emmanuel Mas"
139635,1,0,0,0,31.1869864146971,"DF","Dylan Gissi"
146796,3,0,0,0,27.7949346072602,"MF_no_ofen","Ariel Mauricio Rojas"
147564,18,0,0,0,26.9127718554255,"DF","Damian Perez"
149044,4,0,0,0,18.7907880643715,"FW","Andres Rios"
155050,1,0,0,0,18.3672182194897,"DF","Federico Fernández"
157868,11,0,0,0,22.2892621143216,"MF_no_ofen","Iván Marcone"
161035,1,0,0,0,52.3983333363,"DF","Marcos Rojo"
166510,1,0,0,0,31.4869282991056,"DF","Guillermo Burdisso"
169806,2,0,0,0,20.834858895333,"DF","Gaston Sauro"
170431,2,0,0,0,16.9920849425537,"DF","Mariano Bittolo"
171744,2,0,0,0,12.6087562095201,"FW","Fabian Bordagaray"
174813,12,0,0,0,18.9984697930961,"DF","Milton Casco"
175357,9,0,0,0,28.3194660915973,"DF","Leonardo Jara"
177507,1,0,0,0,32.9778586830469,"FW","Edwin Cardona"
182159,2,0,0,0,23.8431582025114,"MF_no_ofen","Dardo Federico Miloc"
186991,1,0,0,0,14.3634536320774,"DF","Germán Pezzella"
190522,26,0,0,0,19.8127464274197,"DF","Luis Advincula"
195310,1,0,0,0,13.1287699109748,"DF","Oscar Opazo"
196893,5,0,0,0,29.0453844919138,"DF","Rafael Perez"
202628,11,0,0,0,29.2461411151967,"MF_no_ofen","Emiliano Mendez"
206973,9,0,0,0,27.6464360446966,"MF_no_ofen","Yeison Gordillo"
208670,7,0,0,0,30.2988489212938,"DF","Pier Barrios"
209273,1,0,0,0,21.2526897079447,"DF","Emanuel Aguilera"
209304,8,0,0,0,19.7806830040496,"DF","Lucas Rodriguez"
209518,24,0,0,0,22.7664471253648,"DF","Claudio Corvalan"
209568,11,0,0,0,23.4835670246462,"DF","Cristian Lema"
210469,31,0,0,0,16.1936884284787,"DF","Javier Cabrera"
213052,2,0,0,0,8.27130652373493,"FW","Carlos Auzqui"
213720,7,0,0,0,10.0047768520278,"FW","Mauro Quiroga"
213922,5,0,0,0,20.8147130652599,"MF_no_ofen","Gonzalo Castellani"
239981,4,0,0,0,24.9734561961403,"DF","Juan Sánchez Mino"
245345,44,0,0,0,24.3149770847395,"MF_no_ofen","Brahian Aleman"
246408,43,0,0,0,23.1481776293609,"MF_no_ofen","Lucas Menossi"
246409,1,0,0,0,24.7512982429871,"MF_no_ofen","Facundo Tomas Quignon"
264747,3,0,0,0,20.326437127293,"FW","Maximiliano Nicolas Urruti"
265728,5,0,0,0,23.0633864756528,"MF_no_ofen","Juan Edgardo Ramirez"
267200,14,0,0,0,19.5811076790783,"FW","Matias Garcia"
270320,9,0,0,0,24.4521547570177,"DF","Brian Abel Luciatti"
270322,29,0,0,0,20.2318208034953,"FW","Andres Chavez"
270771,1,0,0,0,13.9378082925545,"DF","Luciano Lollo"
279016,2,0,0,0,21.6061167825421,"DF","Frank Fabra"
292353,12,0,0,0,17.8119471076962,"FW","Sebastian Sosa"
295085,1,0,0,0,9.03429917128615,"MF_no_ofen","Joaquin Arzura"
298025,1,0,0,0,32.95569869141,"DF","Guillermo Luis Ortiz"
308590,4,0,0,0,17.9903177266186,"DF","Alberto Espinola"
310373,3,0,0,0,28.890134694038,"MF_no_ofen","Gaston Gil Romero"
310447,6,0,0,0,18.2773341671586,"FW","Gustavo Fernandez"
316878,1,0,0,0,24.5075195967158,"DF","Erik Fernando Godoy"
318530,1,0,0,0,8.21748390847764,"FW","Maximiliano Brito Hernandez"
323385,10,0,0,0,20.3346108988745,"FW","Ricardo Centurion"
323750,7,0,0,0,17.4639871242069,"FW","Federico Jourdan"
346379,2,0,0,0,20.8957550213119,"MF_ofen","Mauricio Cuero"
357120,8,0,0,0,19.2654650373613,"MF_ofen","Juan Cazares"
358143,7,0,0,0,24.2184591638887,"FW","Jonathan Menendez"
358355,1,0,0,0,10.2059393639535,"MF_no_ofen","Diego Ruben Tonetto"
361691,1,0,0,0,14.2302010543778,"DF","Franco Sbutoni"
384587,12,0,0,0,27.6017064282135,"DF","Lucas Villalba"
407796,1,0,0,0,11.4312141196813,"FW","Augusto Solari"
412762,2,0,0,0,29.4328860623762,"MF_no_ofen","Matias Kranevitter"
425777,1,0,0,0,31.1381922789906,"DF","Felipe Aguilar"
425785,4,0,0,0,13.8224298404705,"FW","Michael Rangel"
426408,3,0,0,0,18.1862591345436,"MF_no_ofen","Leonel Ariel Miranda"
450889,2,0,0,0,20.0418645623926,"MF_no_ofen","Francisco Di Franco"
453412,5,0,0,0,18.6563814323884,"MF_no_ofen","Julian Rodrigo Fernandez"
453860,3,0,0,0,25.9561592393204,"DF","Lucas Diarte"
467965,12,0,0,0,27.608554186931,"DF","Rafael Delgado"
467968,6,0,0,0,27.0125075892112,"MF_no_ofen","Walter Montoya"
467969,2,0,0,0,30.4979586876739,"DF","Nery Dominguez"
467971,8,0,0,0,18.5970991498018,"MF_ofen","Walter Acuna"
469333,5,0,0,0,27.2652552004034,"DF","Facundo Cardozo"
469593,12,0,0,0,24.406324356652,"FW","Ezequiel Cerutti"
479220,14,0,0,0,32.5791606310599,"DF","Gonzalo Piovi"
486121,1,0,0,0,27.5663309095897,"DF","Leonel Gonzalez"
489072,2,0,0,0,32.3214618339008,"DF","Gaston Campi"
490281,8,0,0,0,23.7650368342995,"DF","Federico Milo"
495383,1,0,0,0,30.0361848355294,"DF","Yonatthan Rak"
497352,8,0,0,0,21.1592791024491,"DF","Gustavo Velazquez"
497385,2,0,0,0,20.0657378445984,"MF_no_ofen","Angel Lucena"
497394,1,0,0,0,9.50878740820269,"MF_no_ofen","Angel Benitez"
520530,5,0,0,0,13.2119439235562,"FW","Renzo Lopez"
521211,1,0,0,0,10.4184320218347,"DF","Yonathan Cabral"
523417,2,0,0,0,22.8914429534264,"DF","Emanuel Mammana"
523418,1,0,0,0,18.7940512040026,"DF","Victor Cabrera"
529092,7,0,0,0,22.9815881172032,"DF","Rafael Barrios"
529100,5,0,0,0,25.0226517487923,"MF_ofen","Gabriel Carabajal"
529109,1,0,0,0,27.4505363662957,"DF","Gaston Suso"
560947,5,0,0,0,25.4274583611254,"DF","Cristian Chimino"
561187,4,0,0,0,20.6730303154724,"DF","Marcos Acuna"
564865,20,0,0,0,29.0440077895005,"DF","Marcelo Benitez"
566259,4,0,0,0,22.6792761609495,"DF","Ezequiel Bonifacio"
571609,22,0,0,0,18.7310407006356,"DF","Guillermo Benitez"
576036,1,0,0,0,39.6812835848424,"DF","Esteban Burgos"
576037,1,0,0,0,25.297969955528,"FW","Francisco Fydriszewski"
585907,10,0,0,0,24.8429147646468,"MF_ofen","Gonzalo Martinez"
591548,3,0,0,0,17.2740394541264,"FW","Joaquin Susvielles"
615788,14,0,0,0,29.2189769117429,"MF_no_ofen","Mauricio Martinez"
615996,2,0,0,0,17.8015806512833,"DF","Nicolas Dematei"
616168,1,0,0,0,16.2818861709925,"DF","Tomas Cardona"
616508,12,0,0,0,23.328453923126,"MF_no_ofen","Federico Fattori"
622269,3,0,0,0,28.7277809664946,"DF","Joaquin Laso"
623787,9,0,0,0,18.6002718809834,"DF","Gustavo Canto"
627218,7,0,0,0,17.3868129844458,"MF_no_ofen","Andres Roa"
629749,2,0,0,0,18.5418320556466,"MF_ofen","Matias Vera"
636958,4,0,0,0,21.5312574561001,"MF_ofen","Jose Mendez"
642763,20,0,0,0,22.139581024371,"MF_no_ofen","Eric Daian Remedi"
643161,2,0,0,0,16.4696798357461,"MF_ofen","Nicolas Schiappacasse"
643612,1,0,0,0,22.1843132127741,"MF_no_ofen","Joel Sonora"
647229,3,0,0,0,26.926279525064,"MF_no_ofen","Ivan Rossi"
647928,4,0,0,0,13.8830183040833,"DF","Fernando Alarcon"
650438,1,0,0,0,13.0363454325183,"DF","Miguel Jacquet"
655751,4,0,0,0,16.9815531756036,"MF_no_ofen","Horacio Tijanovich"
660079,6,0,0,0,14.9249422584524,"MF_no_ofen","Matias Romero"
670338,1,0,0,0,28.8246370337327,"MF_no_ofen","Franco Aragon"
673726,1,0,0,0,37.0074907513532,"DF","Oscar Piris"
683901,14,0,0,0,18.1316714326663,"MF_no_ofen","Braian Rivero"
690435,2,0,0,0,31.7067918784905,"DF","Leonel Mosevich"
693430,23,0,0,0,24.0606807780665,"MF_no_ofen","Alexis Soto"
693432,7,0,0,0,27.0499726601482,"DF","Brian Blasi"
704019,24,0,0,0,24.6943902324646,"DF","Agustin Sant'Anna"
723682,12,0,0,0,28.0584188711725,"MF_no_ofen","Agustin Bouzat"
723697,2,0,0,0,17.3240604478196,"FW","Joaquin Ibanez"
724317,4,0,0,0,22.7918515026118,"DF","Saul Salcedo"
724453,19,0,0,0,17.6589897652141,"FW","Damian Batallini"
724457,1,0,0,0,7.71504717963898,"DF","Alejandro Rébola"
725483,5,0,0,0,23.1566721754947,"DF","Luciano Gomez"
725579,1,0,0,0,33.3752958638962,"DF","Marcelo Ortiz"
727099,5,0,0,0,20.1749455436513,"DF","Facundo Mallo"
729090,15,0,0,0,23.5083793843911,"DF","Blas Riveros"
731400,1,0,0,0,20.2996815703241,"DF","Lautaro Montoya"
744599,6,0,0,0,10.5982515787135,"FW","Nicolas Leguizamon"
745225,1,0,0,0,12.176583436988,"DF","Facundo Agüero"
746607,7,0,0,0,24.970686684368,"MF_no_ofen","Julian Chicco"
752875,2,0,0,0,27.4917189843609,"DF","Nicolas Sansotre"
754685,10,0,0,0,17.4996199770194,"DF","Gabriel Compagnucci"
764456,3,0,0,0,23.0352638366953,"MF_no_ofen","Jhonny Quinonez"
770895,32,0,0,0,19.8207760217299,"MF_no_ofen","Ivan Gomez"
787257,1,0,0,0,36.7391896942436,"MF_no_ofen","Juan Andrada"
793799,2,0,0,0,27.2238364930946,"MF_no_ofen","Augusto Max"
794311,7,0,0,0,22.5317658052368,"MF_no_ofen","Fernando Juarez"
795485,5,0,0,0,21.4017728034059,"DF","Leonardo Morales"
798148,10,0,0,0,22.0044427008337,"DF","Fabricio Bustos"
799678,10,0,0,0,22.168932642278,"DF","Juan Pintado"
801513,3,0,0,0,16.5002827472145,"MF_no_ofen","Mauro Ortiz"
805771,1,0,0,0,9.33233471222153,"DF","Ivan Villalba"
809537,13,0,0,0,13.4105406181017,"FW","Djorkaeff Reasco"
814904,2,0,0,0,27.0209555993337,"MF_no_ofen","Ayrton Cougo"
816993,13,0,0,0,22.4823014240909,"MF_no_ofen","Martin Sarrafiore"
818392,10,0,0,0,25.5425948257657,"MF_no_ofen","David Gallardo"
824090,20,0,0,0,19.0339519337421,"DF","Federico Vera"
832171,2,0,0,0,18.9939925345221,"MF_no_ofen","Alan Franco"
834637,7,0,0,0,14.5935506564261,"FW","Jorge Sanguina"
834936,10,0,0,0,25.6197023050007,"MF_ofen","Braian Guille"
841913,33,0,0,0,23.7592133801318,"DF","Sebastian Prieto"
841948,4,0,0,0,16.4534796440233,"MF_ofen","Mariano Mino"
845067,2,0,0,0,34.2365489443253,"DF","Facundo Garces"
845260,3,0,0,0,18.862990414726,"DF","Tomás Ezequiel Guidara"
845709,19,0,0,0,24.7338171410399,"MF_no_ofen","Yair Arismendi"
846916,13,0,0,0,32.1645663329477,"DF","Lucas Carrizo"
846980,1,0,0,0,35.6577636691241,"DF","Robert Rojas"
847288,4,0,0,0,18.3870363077857,"DF","Maximiliano Rodriguez"
847984,4,0,0,0,17.4599363929719,"MF_no_ofen","Tomas Belmonte"
848620,1,0,0,0,11.8987051479533,"DF","Federico Rasmussen"
850731,4,0,0,0,28.4395342527557,"MF_no_ofen","Carlos Arce"
856411,9,0,0,0,24.7498424460469,"DF","Raul Lozano"
856814,6,0,0,0,20.250107653716,"DF","Fernando Torrent"
857214,2,0,0,0,16.5518409278074,"MF_no_ofen","Jonathan Goya"
860661,7,0,0,0,27.8826915087753,"DF","Santiago Arzamendia"
860870,2,0,0,0,20.662970811918,"DF","Gonzalo Asis"
860889,1,0,0,0,52.9383524857974,"MF_no_ofen","Walter Rodriguez"
860890,1,0,0,0,37.9454005477836,"DF","Jose Maria Canale"
860918,2,0,0,0,19.0558002889976,"MF_ofen","Nicolas Femia"
860962,9,0,0,0,18.0792021371297,"FW","Fernando Cardozo"
861062,5,0,0,0,21.7817203904126,"DF","Matias Ruiz Diaz"
861785,13,0,0,0,26.0287499405961,"MF_no_ofen","Rodrigo Fernandez"
862337,3,0,0,0,20.2961416309691,"DF","Luciano Sanchez"
874620,30,0,0,0,26.1310767636549,"DF","Emanuel Coronel"
874622,12,0,0,0,27.3859599995185,"MF_no_ofen","Nicolas Linares"
874664,3,0,0,0,29.4455221858521,"MF_no_ofen","Harrinson Mancilla"
875743,10,0,0,0,26.7568106597535,"MF_no_ofen","Agustin Bolivar"
876810,10,0,0,0,12.5975761072815,"FW","Jose Neris"
881159,14,0,0,0,27.935600936278,"MF_no_ofen","Franco Moyano"
883281,12,0,0,0,17.4449022362512,"FW","Junior Marabel"
883695,2,0,0,0,25.8324556295964,"DF","Edgar Elizalde"
886253,1,0,0,0,26.0051907855753,"DF","Wilson Ibarrola"
887142,12,0,0,0,27.5180062352371,"DF","Alan Francisco Rodriguez"
889736,2,0,0,0,8.12794833599852,"DF","Fabio Pereyra"
890218,1,0,0,0,13.0242443005656,"DF","Rodrigo Sayavedra"
891716,2,0,0,0,15.3991772707741,"DF","Nahuel Gallardo"
892173,1,0,0,0,28.0871208739878,"DF","Augusto Aguirre"
892174,1,0,0,0,31.7745924382606,"DF","Hector Martinez"
905265,22,0,0,0,25.7702061452951,"MF_no_ofen","Kevin Gutierrez"
907723,1,0,0,0,31.7211155680891,"DF","Sergio Barreto"
907957,2,0,0,0,20.9094025038001,"DF","Alejandro Maciel"
917569,1,0,0,0,30.4242448892275,"DF","Luciano Leonel Recalde"
917976,5,0,0,0,20.228123609793,"DF","Guillermo Soto"
918131,1,0,0,0,28.8363651404427,"MF_ofen","Cristian Ojeda"
918511,1,0,0,0,28.9875656581602,"MF_no_ofen","Cristian Nunez"
919156,5,0,0,0,25.3055376592193,"DF","Matias Melluso"
920137,3,0,0,0,19.9263281110252,"DF","Alex Ibacache"
921347,5,0,0,0,22.5759263078598,"MF_no_ofen","Lautaro Chavez"
921606,2,0,0,0,30.7826824907284,"DF","Franco Quinteros"
921871,3,0,0,0,10.2302131473984,"FW","Santiago Paiva"
922919,7,0,0,0,19.518065486751,"DF","Dario Caceres"
925841,3,0,0,0,21.1064054217174,"MF_no_ofen","Christian Oliva"
930564,15,0,0,0,24.2274902966481,"MF_no_ofen","Alejandro Cabrera"
930573,8,0,0,0,26.7956284260551,"DF","Sebastian Corda"
933706,10,0,0,0,23.3616863271157,"MF_ofen","Matias Nicolas Gomez"
933960,1,0,0,0,24.7907825644389,"MF_no_ofen","Ivan Ramirez"
935962,15,0,0,0,13.2829589962524,"FW","Rodrigo Pineiro"
936100,31,0,0,0,23.73661601472,"FW","Valentin Burgoa"
938030,4,0,0,0,21.0172719908759,"DF","Julian Navas"
939404,1,0,0,0,28.5336020295637,"DF","Gonzalo Goni"
940001,8,0,0,0,25.7347364445632,"MF_no_ofen","Martin Barrios"
942984,4,0,0,0,26.000025217038,"DF","Lucas Abascia"
950599,7,0,0,0,27.9905277686449,"MF_no_ofen","Nicolas Fonseca"
951841,1,0,0,0,31.0783509699268,"DF","Enzo Martinez"
955274,1,0,0,0,14.1617016579102,"DF","Gianluca Ferrari"
955333,6,0,0,0,16.6618653706674,"DF","Fabricio Dominguez"
957219,3,0,0,0,29.3252384141763,"DF","Elias Pereyra"
965205,1,0,0,0,28.8619350166743,"DF","Willer Ditta"
968125,21,0,0,0,25.163820104089,"MF_no_ofen","Julian Alejo Lopez"
972098,4,0,0,0,13.7723354351912,"MF_no_ofen","Ezequiel Bullaude"
972814,2,0,0,0,29.3524362485709,"MF_no_ofen","Manuel Insaurralde"
974894,7,0,0,0,19.4533748383355,"DF","Marcelo Weigandt"
977824,14,0,0,0,18.4065055691696,"MF_ofen","Ibrahim Hesar"
978210,2,0,0,0,25.2484292867621,"DF","Juan Elordi"
989371,10,0,0,0,17.7772222704785,"MF_no_ofen","Agustin Urzi"
995295,1,0,0,0,32.2065013119908,"FW","Tomas Ortiz"
1003370,30,0,0,0,21.0645967170388,"MF_ofen","Justo Giani"
1017707,3,0,0,0,19.6088490660371,"DF","Alex Vigo"
1019476,4,0,0,0,36.4515808865452,"DF","Juan Diaz"
1020028,3,0,0,0,19.2999843139577,"DF","Jean Rosso"
1020944,2,0,0,0,26.2109700538861,"MF_no_ofen","Carlos Villalba"
1021597,3,0,0,0,27.1962888162806,"DF","Emanuel Hernandez"
1025557,20,0,0,0,24.844035907944,"MF_no_ofen","Anibal Moreno"
1028209,10,0,0,0,19.6700887877162,"MF_no_ofen","Fernando Martinez"
1028443,18,0,0,0,25.8368460364982,"MF_no_ofen","Rodrigo Villagra"
1033115,8,0,0,0,23.1885086016611,"DF","Ignacio Vazquez"
1037137,6,0,0,0,18.7410467535381,"MF_ofen","Luis Sanchez"
1037265,8,0,0,0,22.3902017737518,"MF_no_ofen","Agustin Obando"
1037529,1,0,0,0,4.25884475715364,"DF","Maximilliano Centurion"
1037554,14,0,0,0,18.0114876816178,"FW","Diego Herazo"
1039685,2,0,0,0,15.3650811829544,"DF","Franco Calderon"
1039688,1,0,0,0,21.2131212403723,"MF_no_ofen","Gaston Comas"
1041082,2,0,0,0,20.578085232316,"DF","Alan Barrionuevo"
1042044,10,0,0,0,23.0501315789244,"FW","Alan Marinelli"
1042570,13,0,0,0,20.3401306148152,"FW","Marcelo Perez"
1053835,6,0,0,0,25.6624310614457,"MF_no_ofen","Martin Fernandez"
1054270,1,0,0,0,43.9407174072425,"DF","Nicolas Hernandez"
1070203,2,0,0,0,15.5686292845182,"MF_ofen","Juan Cuesta"
1073659,23,0,0,0,17.8856477182273,"FW","Thiago Vecino"
1073724,6,0,0,0,15.2837699073211,"DF","Santiago Ramos"
1075045,2,0,0,0,28.6766584813539,"DF","Miguel Brizuela"
1075405,4,0,0,0,28.0553419258726,"MF_no_ofen","Franco Ibarra"
1075409,1,0,0,0,28.7369311940036,"MF_ofen","Lucas Ambrogio"
1075450,8,0,0,0,23.5098872695094,"MF_no_ofen","Agustin Martegani"
1085977,3,0,0,0,24.9576175850066,"MF_ofen","Facundo Perez"
1086733,5,0,0,0,23.472922972741,"DF","Sebastian Valdez"
1086839,36,0,0,0,24.3970661401799,"MF_no_ofen","Diego Ortegoza"
1087551,2,0,0,0,27.2371867601961,"MF_no_ofen","Damian Fernandez"
1092826,21,0,0,0,28.1911872279029,"DF","Cesar Ibanez"
1093120,1,0,0,0,6.23365255074207,"DF","Joaquin Varela"
1095198,3,0,0,0,18.4984622764326,"MF_ofen","Dario Sarmiento"
1097836,14,0,0,0,22.1402190385017,"DF","Leonel Picco"
1097860,1,0,0,0,30.8529985744378,"MF_no_ofen","Matias Miranda"
1098253,22,0,0,0,20.9739594584841,"DF","Giuliano Cerato"
1098471,10,0,0,0,22.8319531239122,"FW","Ivan Ortigoza"
1108622,6,0,0,0,19.4022960248015,"FW","Facundo Farias"
1108679,5,0,0,0,21.0436321268729,"MF_ofen","Francesco Lo Celso"
1109029,21,0,0,0,20.8904995082762,"FW","Daniel Juarez"
1111071,4,0,0,0,32.2115429314507,"DF","Nicolas Capraro"
1118199,7,0,0,0,27.5936320428441,"DF","Zaid Abner Romero"
1128483,4,0,0,0,14.7045492090789,"DF","Francisco Gerometta"
1128740,2,0,0,0,15.0408757774369,"MF_ofen","Augustin Hausch"
1128952,12,0,0,0,21.1487092674886,"DF","Lautaro Tomas Escalante"
1130230,12,0,0,0,15.6642270011084,"FW","Francisco Ramirez"
1130765,16,0,0,0,21.6714044111984,"MF_no_ofen","Carlos Arrua"
1130865,2,0,0,0,31.1551815009229,"MF_no_ofen","Yvo Calleros"
1131349,17,0,0,0,21.1408767405268,"MF_no_ofen","Santiago Hezze"
1132245,20,0,0,0,23.9208634897586,"MF_no_ofen","Santiago Longo"
1132906,1,0,0,0,29.7327197863504,"DF","Braian Salvareschi"
1133142,1,0,0,0,18.4789269082758,"DF","Jhohan Romana"
1133495,29,0,0,0,24.4482727885308,"DF","Juan Caceres"
1136129,7,0,0,0,23.2486290715139,"MF_no_ofen","Marcos Montiel"
1137114,5,0,0,0,29.3600777905391,"MF_no_ofen","Alexis Sabella"
1137458,1,0,0,0,13.6036420069569,"FW","Edwin Mosquera"
1138962,1,0,0,0,38.3232501565578,"DF","Facundo Giacopuzzi"
1139212,4,0,0,0,29.0846387571704,"DF","Brian Leizza"
1144961,5,0,0,0,20.1361137884724,"DF","Gaston Hernandez"
1186684,7,0,0,0,27.4899214839247,"MF_no_ofen","Alan Varela"
1188769,7,0,0,0,14.85795890719,"FW","Santiago Godoy"
1195812,2,0,0,0,27.5359535338011,"MF_no_ofen","Gonzalo Perez"
1200014,2,0,0,0,18.5527045901934,"DF","Lautaro Blanco"
1200022,11,0,0,0,18.8092894347094,"MF_ofen","Gino Infantino"
1200040,13,0,0,0,24.2034346893263,"MF_no_ofen","Matias Gonzalez"
1200661,1,0,0,0,28.9902998200536,"DF","Julian Aude"
1200718,7,0,0,0,24.075195951027,"DF","Roberto Garcia"
1200743,5,0,0,0,24.8478143128595,"MF_no_ofen","Juan Sforza"
1200762,11,0,0,0,17.2117351072547,"DF","Augusto Schott"
1200765,24,0,0,0,27.5024724579472,"MF_no_ofen","Siro Rosane"
1201038,9,0,0,0,28.2615465951336,"DF","Lucas Esquivel"
1201582,10,0,0,0,27.1054932955975,"MF_no_ofen","Bautista Kociubinski"
1201766,3,0,0,0,32.6819201259776,"DF","Gian Nardelli"
1201767,12,0,0,0,27.695455896493,"MF_no_ofen","Stefano Moreyra"
1201814,33,0,0,0,24.0800665852262,"DF","Juan Portillo"
1202675,1,0,0,0,22.6366300973904,"FW","Tomas Cavanagh"
1203234,1,0,0,0,21.1151832298096,"DF","Juan Guasone"
1203838,3,0,0,0,26.3504034997301,"MF_no_ofen","Franco Romero"
1206551,2,0,0,0,21.2256231781665,"FW","Manuel Panaro"
1206583,3,0,0,0,27.6642912927895,"DF","Kevin Lomonaco"
1206665,2,0,0,0,17.953256897445,"MF_no_ofen","Tomas Castro"
1206830,22,0,0,0,26.3958555121912,"MF_no_ofen","Ignacio Miramon"
1208443,4,0,0,0,30.4618373661627,"MF_no_ofen","Patricio Tanda"
1208803,19,0,0,0,25.1771863619764,"MF_ofen","Santiago Simon"
1209106,2,0,0,0,25.6972008723979,"FW","Tomas Pozzo"
1209398,3,0,0,0,32.196628955373,"DF","Marco Di Cesare"
1212145,8,0,0,0,24.979135370779,"MF_no_ofen","Nicolas Garayalde"
1212175,3,0,0,0,15.3346039212109,"FW","Nicolas Quagliata"
1213003,9,0,0,0,28.6541679933895,"MF_no_ofen","Rodrigo Herrera"
1213457,1,0,0,0,19.1875969741313,"MF_no_ofen","Agustin Mulet"
1213771,5,0,0,0,25.5879619333626,"DF","Javier Ostachuk"
1213988,3,0,0,0,20.0400746663695,"DF","Delfor Minervino"
1214017,14,0,0,0,18.5955319280075,"FW","Ignacio Schor"
1215717,6,0,0,0,36.2787849454427,"MF_no_ofen","Diego Calcaterra"
1216361,9,0,0,0,15.4982680606316,"DF","Lucas Souto"
1217961,3,0,0,0,21.8512686883959,"MF_ofen","Luciano Cingolani"
1218334,15,0,0,0,19.5707306545015,"DF","Agustin Sandez"
1221037,4,0,0,0,25.49834343049,"DF","Bautista Barros Schelotto"
1221038,3,0,0,0,23.4539379656655,"DF","Rodrigo Gallo"
1226758,4,0,0,0,14.3912047973783,"MF_no_ofen","Ayrton Portillo"
1226851,16,0,0,0,15.2161340637544,"FW","Luciano Gimenez"
1230316,3,0,0,0,16.4200451756294,"DF","Ignacio Galvan"
1230353,8,0,0,0,29.0351527098356,"DF","Nicolas Romero"
1230664,34,0,0,0,23.3551546690899,"MF_no_ofen","Gonzalo Abrego"
1230852,1,0,0,0,22.9671128247309,"MF_no_ofen","Agostino Spina"
1231192,1,0,0,0,15.3173070395191,"FW","Nadir Zeineddin"
1231926,7,0,0,0,21.3956926608473,"MF_ofen","Antonio Napolitano"
1231927,10,0,0,0,20.4582734512477,"MF_no_ofen","Leandro Mamut"
1237690,1,0,0,0,39.1736595484446,"DF","Marco Pellegrino"
1240172,9,0,0,0,27.0426149047848,"DF","Roman Vega"
1241612,3,0,0,0,19.8731982889973,"DF","Ramiro Di Luciano"
1241613,23,0,0,0,21.4139505524645,"MF_ofen","Lautaro Rios"
1242173,15,0,0,0,15.5562206811792,"DF","Tobias Ostchega"
1243610,1,0,0,0,11.5370082835062,"DF","Fernando Martinez"
1244341,5,0,0,0,26.1084257941197,"DF","Aaron Quiroz"
1244342,5,0,0,0,20.5755672884041,"DF","Julian Eseiza"
1244636,1,0,0,0,9.37872084773223,"MF_ofen","Alejandro Piedrahita"
1245749,2,0,0,0,12.5239382415701,"DF","Santiago Laquidain"
1246078,2,0,0,0,11.4768885394559,"MF_no_ofen","Lautaro Villegas"
1246289,5,0,0,0,22.8875897171938,"DF","Martin Luciano"
1246290,3,0,0,0,22.3159414817089,"FW","Misael Jaime"
1248005,15,0,0,0,29.5705826714545,"MF_no_ofen","Santiago Coronel"
1248705,4,0,0,0,23.3224364885931,"MF_no_ofen","Valentin Rodriguez"
1249592,1,0,0,0,30.7410418064606,"MF_no_ofen","Geronimo Tomasetti"
1249609,2,0,0,0,17.6664056481974,"MF_no_ofen","Leandro Ciccolini"
1249665,1,0,0,0,34.8808955985981,"DF","Nicolas Valentini"
1250543,5,0,0,0,27.5902809516265,"MF_no_ofen","Gonzalo Muscia"
1253516,1,0,0,0,73.0257524983455,"DF","Brian Aguilar"
1253924,2,0,0,0,16.8403149040717,"FW","Lautaro Fedele"
1256243,3,0,0,0,15.8705928731178,"DF","Daniel Lucero"
1256244,23,0,0,0,28.901296972503,"MF_no_ofen","Felipe Pena Biafore"
1256246,1,0,0,0,18.0655159015097,"DF","Tomas Lecanda"
1257342,9,0,0,0,21.6069256692969,"DF","Gonzalo Lujan Melli"
1258603,9,0,0,0,16.9827585472808,"MF_ofen","Guillermo Balzi"
1262652,11,0,0,0,14.9322384060601,"FW","Octavio Bianchi"
1268812,1,0,0,0,7.31905508679396,"MF_no_ofen","Yorman Zapata"
1272440,13,0,0,0,21.7082432975684,"MF_ofen","Valentin Barco"
1272906,8,0,0,0,27.4889260218904,"MF_no_ofen","Alejo Toledo"
1272910,4,0,0,0,21.1049525320113,"FW","Agustin Morales"
1276035,11,0,0,0,14.1426658398765,"FW","Ezequiel Naya"
1276036,24,0,0,0,21.025447111499,"FW","Franco Zapiola"
1276384,1,0,0,0,18.0709774807817,"MF_no_ofen","Rufino Lucero"
1276545,5,0,0,0,19.3382548854707,"MF_ofen","Facundo Russo"
1277340,4,0,0,0,23.9773961550174,"MF_no_ofen","Matias Alejandro Galarza"
1277342,5,0,0,0,19.1939327563108,"FW","Lautaro Ovando"
1277344,1,0,0,0,19.4238389595427,"FW","Rodrigo Marquez"
1277904,14,0,0,0,29.6081117812859,"MF_no_ofen","Bruno Sosa"
1280325,1,0,0,0,14.3657146097923,"DF","Gabriel Aranda"
1280337,2,0,0,0,26.757212630727,"DF","Nahuel Genez"
1280806,15,0,0,0,17.4940228886239,"MF_ofen","Nicolás Palavecino"
1295515,2,0,0,0,30.8341739676583,"MF_no_ofen","Gaston Moreyra"
1299928,5,0,0,0,29.0546925003753,"DF","Nicolas Meriano"
1300900,1,0,0,0,33.2735487643627,"DF","Pedro Souto"
1304246,17,0,0,0,22.8826052897405,"MF_no_ofen","Emiliano Viveros"
1305063,5,0,0,0,35.4127892028323,"MF_no_ofen","Alfredo Amarilla"
1306107,5,0,0,0,27.5947385016423,"MF_no_ofen","Yonathan Rodriguez"
1307096,12,0,0,0,14.9575126499684,"MF_no_ofen","Jeremias Tica"
1308412,2,0,0,0,29.1277765926651,"DF","Tomas Jacob"
1312034,16,0,0,0,26.5808210540182,"DF","Guillermo Enrique"
1312331,3,0,0,0,18.7529088887993,"DF","Pedro Velurtas"
1315385,5,0,0,0,21.4440804719763,"DF","Moises Brandan"
1318266,5,0,0,0,26.2156669417955,"MF_no_ofen","Francisco Perruzzi"
1319750,4,0,0,0,23.1680365025558,"MF_ofen","Gonzalo Alvez"
1320444,1,0,0,0,28.203774386038,"FW","Alex Arce"
1336136,9,0,0,0,18.8651756358552,"MF_no_ofen","Maximiliano Puig"
1336581,1,0,0,0,34.3362889646442,"DF","Agustin Baldi"
1337212,3,0,0,0,28.3756644733021,"MF_ofen","Tomas Muro"
1338317,12,0,0,0,21.761431179892,"MF_ofen","Cesar Perez"
1340223,2,0,0,0,26.6917964118315,"MF_no_ofen","Mateo Seoane"
1342537,7,0,0,0,27.3666572860638,"DF","Nicolas Paz"
1343374,13,0,0,0,16.1983854530987,"MF_no_ofen","Felipe Loyola"
1344726,5,0,0,0,26.9843622708255,"DF","Tiago Tomas Palacios"
1347380,12,0,0,0,24.3122099306687,"MF_ofen","Tomas Gonzalez"
1352731,6,0,0,0,17.4725962102475,"MF_no_ofen","Maico Quiroz"
1352754,5,0,0,0,25.3064475163319,"MF_ofen","Alexis Segovia"
1355855,2,0,0,0,20.672743400312,"MF_ofen","Lautaro Cerato"
1355925,2,0,0,0,17.5352255768848,"MF_ofen","Santiago Lujan"
1357786,2,0,0,0,6.50364141575758,"FW","Marcos Echeverria"
1358378,4,0,0,0,29.6405663234468,"MF_no_ofen","Lorenzo Scipioni"
1358655,17,0,0,0,23.5449713562362,"DF","Julio Soler"
1359226,2,0,0,0,31.6976617681756,"DF","Santiago Flores"
1359227,1,0,0,0,20.8841153690151,"MF_no_ofen","Gonzalo Agustin Pineiro"
1359229,2,0,0,0,23.6644586686986,"DF","Nicolas Andres Fernandez"
1360311,5,0,0,0,20.6785104213927,"FW","Lautaro Pastran"
1360572,1,0,0,0,30.2389593100279,"FW","Genaro Rossi"
1362875,1,0,0,0,31.7417465301836,"DF","Facundo Ardiles"
1364153,31,0,0,0,24.5543644640794,"MF_no_ofen","Kevin Lopez"
1364436,6,0,0,0,19.6679448685152,"FW","Agustin Alonso"
1364695,11,0,0,0,20.9196981534869,"MF_ofen","Natanael Troncoso"
1368373,5,0,0,0,23.6671386357231,"MF_ofen","Bernardo Benitez"
1371235,1,0,0,0,17.3871024295106,"FW","Jonathan Dellarossa"
1371860,8,0,0,0,22.3948621999049,"MF_no_ofen","Alex Juarez"
1374077,1,0,0,0,9.52221504258776,"FW","Roman Fernandez"
1375187,2,0,0,0,22.7016049428953,"FW","Nicolas Meaurio"
1376056,1,0,0,0,35.5063429480881,"DF","Patricio Pizarro"
1378347,3,0,0,0,25.7094656141803,"MF_no_ofen","Alan Di Pippa"
1378653,2,0,0,0,22.1400036616875,"MF_ofen","Tomas Sives"
1378661,1,0,0,0,33.9732506379986,"MF_ofen","Enzo Luna"
1380539,6,0,0,0,20.043879269865,"FW","Ramon Cansinos"
1382996,10,0,0,0,22.3416808707225,"FW","Juan Peinipil"
1383422,4,0,0,0,20.2738823272734,"MF_ofen","Diego Vásquez"
1383667,31,0,0,0,20.4584264456738,"MF_ofen","Franco Watson"
1387502,1,0,0,0,26.999148587187,"DF","Matias Bazzi"
1391234,1,0,0,0,13.8018957597317,"MF_no_ofen","Leonardo Monje"
1393173,9,0,0,0,19.2142095575592,"MF_ofen","Alexis Steimbach"
1393542,24,0,0,0,22.9333627338821,"MF_no_ofen","Christian Ordonez"
1394022,1,0,0,0,29.3520806514352,"MF_no_ofen","Francisco Maidana"
1397164,6,0,0,0,20.7692951338938,"MF_ofen","Marcos Benitez"
1402347,1,0,0,0,18.6802931045187,"MF_no_ofen","Mauricio Benitez"
1405124,4,0,0,0,11.2833037773178,"FW","Emiliano Saliadarre"
1405419,2,0,0,0,27.2846157739538,"MF_no_ofen","David Sotelo"
1413189,16,0,0,0,21.2277941722429,"MF_no_ofen","Jabes Saralegui"
1414777,2,0,0,0,29.8861994948059,"DF","Sebastian Boselli"
1416383,2,0,0,0,25.3263770839938,"MF_no_ofen","Lucas Palavecino"
1432724,1,0,0,0,16.1126712880076,"MF_no_ofen","Lucas Lopez"
1432908,1,0,0,0,18.6157716390742,"MF_no_ofen","Nicolas Watson"
1433995,4,0,0,0,30.1421435390474,"DF","Santiago Quiros"
1435010,4,0,0,0,16.2901171853695,"MF_no_ofen","Mario Sanabria"
1435030,3,0,0,0,20.5197572784544,"DF","Francisco Petrasso"
1435861,3,0,0,0,13.4310054156192,"FW","Diego Barrera"
1435942,4,0,0,0,19.495449538235,"MF_ofen","Lisandro Sebastian Montenegro"
1435962,2,0,0,0,15.5233823660435,"MF_no_ofen","Ignacio Tapia"
1436129,4,0,0,0,23.2724191790685,"MF_no_ofen","Rodrigo Perez"
1436204,1,0,0,0,12.412600704526,"FW","Manuel Brondo"
1436220,1,0,0,0,37.5642071145666,"DF","Felipe Sanchez"
1436221,8,0,0,0,21.5700708883635,"MF_ofen","Alan Sosa"
1437156,4,0,0,0,20.9152243859646,"MF_no_ofen","Franco Vega"
1437200,1,0,0,0,30.7821501609952,"DF","Tomas Aviles"
1439174,3,0,0,0,15.3922099472618,"MF_ofen","Diego Azcurra"
1439529,1,0,0,0,25.3559162039117,"DF","Santiago Salle"
1442361,4,0,0,0,17.123494942861,"MF_ofen","Julian Carrasco"
1442364,1,0,0,0,18.5281393959134,"FW","Federico Aguirre"
1442709,8,0,0,0,14.92142276907,"MF_no_ofen","Mauricio Cardillo"
1447884,1,0,0,0,27.3836554156868,"MF_no_ofen","Tomas Adoryan"
1453081,2,0,0,0,19.195107381378,"DF","Alvaro Dionisio"
1457715,14,0,0,0,20.2998301963696,"MF_no_ofen","David Martinez"
1457716,3,0,0,0,21.3401265428663,"DF","Agustin Quiroga"
1457902,11,0,0,0,14.3493199552353,"FW","Mauricio Roldan"
1460280,4,0,0,0,34.4083258072679,"MF_no_ofen","Nicolas Sanchez"
1462417,3,0,0,0,13.7094781536674,"FW","Fabrizio Sartori"
1464263,6,0,0,0,20.1159410697297,"MF_ofen","Axel Atum"
1466508,1,0,0,0,31.2532619964908,"DF","Agustin Alvarez"
1467862,1,0,0,0,15.9530446522729,"MF_no_ofen","Ramiro Degregorio"
1469842,1,0,0,0,17.8553583484527,"DF","Zago Zegarra"
1474279,4,0,0,0,12.7728074554136,"FW","Martiniano Moreno"
1478196,7,0,0,0,20.4491230839937,"DF","Mathias De Ritis"
1485760,1,0,0,0,27.4038755507158,"MF_no_ofen","Santino Vera"
1485764,3,0,0,0,12.1907631803841,"FW","Tomas Perez"
1499718,4,0,0,0,25.6586386714172,"MF_no_ofen","Julian Ascacibar"
1504098,1,0,0,0,36.5154008817379,"FW","Julian Contrera"
1504612,3,0,0,0,27.7236645172586,"MF_no_ofen","Matias Ezequiel Gomez"
1508514,2,0,0,0,20.8825007845891,"MF_no_ofen","Tomas Perez"
1509081,9,0,0,0,21.4547646055366,"MF_no_ofen","Tobias Rubio"
1513120,1,0,0,0,9.84682999942105,"FW","Mariano Meynier"
1513336,2,0,0,0,13.4911790675341,"DF","Nahuel Arias"
1513339,3,0,0,0,25.6367271877291,"DF","Elias Baez"
1513342,7,0,0,0,20.5219426868176,"DF","Tobias Medina"
1515144,1,0,0,0,24.7099688278104,"MF_no_ofen","Lautaro Lopez"
1517523,1,0,0,0,18.6381544621884,"DF","Lisandro Morales"
1520065,11,0,0,0,24.0264390441157,"DF","Lautaro Vargas"
1520633,2,0,0,0,16.1807730737902,"DF","Valentin Moreno"
1523556,1,0,0,0,19.3078672715606,"MF_no_ofen","Franco Rami"
1528895,3,0,0,0,27.3444637973656,"MF_ofen","David Gonzalez"
1529266,1,0,0,0,13.948209786564,"FW","Francisco Pozzo"
1529267,1,0,0,0,14.3164569311859,"FW","Bruno Juncos"
1559675,2,0,0,0,13.3498615681983,"DF","Sheyko Studer"
1562792,2,0,0,0,21.7019386044322,"MF_no_ofen","Esteban Fernandez"
1565749,1,0,0,0,13.7646394375047,"MF_no_ofen","Yuri Casermeiro"
1575797,6,0,0,0,22.0990633302892,"DF","Kevin Coronel"
1582679,2,0,0,0,20.4881902099042,"MF_ofen","Ian Subiabre"
1585863,4,0,0,0,29.9722644673077,"MF_no_ofen","Nicolas Dubersarsky"
1605748,1,0,0,0,31.4713774041003,"DF","Matias Moreno"
1605853,4,0,0,0,30.1838640030468,"MF_no_ofen","Pablo Monje"
1606009,3,0,0,0,20.1928658923463,"DF","Valentin Fascendini"
1606614,2,0,0,0,28.8701418047661,"DF","Elias Ocampo"
1607035,2,0,0,0,21.8094883871439,"FW","Alvaro Montoro"
1607054,18,0,0,0,19.7003416909218,"FW","Diego Tarzia"
1607056,1,0,0,0,19.4560973011268,"DF","Lautaro Cardozo"
1607377,1,0,0,0,14.5690828824393,"MF_no_ofen","Tomas Porra"
1607566,43,0,0,0,18.9893421235282,"FW","Franco Mastantuono"
1607569,8,0,0,0,22.0363666191757,"FW","Matias Perello"
1607570,2,0,0,0,12.2744244386957,"MF_no_ofen","Mateo Chaves"
1607814,8,0,0,0,12.1692352683885,"FW","Francisco Bonfiglio"
1608139,8,0,0,0,19.9636290133737,"MF_no_ofen","Sebastian Zeballos"
1609764,1,0,0,0,28.6616543456707,"DF","Jeremias Vallejos"
1609797,5,0,0,0,26.7166632240372,"MF_no_ofen","Lucas Gomez"
1610960,1,0,0,0,28.8850274805553,"DF","Juan Iribarren"
1613475,8,0,0,0,33.6304819408744,"MF_no_ofen","Ariel Gamarra"
1614583,1,0,0,0,28.3836773032243,"MF_no_ofen","Thiago Perugini"
1616662,1,0,0,0,14.516230194596,"MF_ofen","Federico Moreno"
1617809,1,0,0,0,17.7749642421762,"DF","Roman Gomez"
1618860,7,0,0,0,16.6233100133023,"FW","Maher Carrizo"
1622776,3,0,0,0,12.1262230688809,"FW","Bruno Cabrera"
1634839,1,0,0,0,33.6089431824055,"MF_no_ofen","Milton Delgado"
1635811,5,0,0,0,24.7527479463294,"MF_no_ofen","Santiago Nahuel Sosa"
1636488,2,0,0,0,28.9430032138355,"MF_no_ofen","Tomas Guiacobini"
1644103,2,0,0,0,30.6164610918211,"DF","Angelo Marchese"
1644112,7,0,0,0,19.5551528204407,"DF","Juan Velazquez"
1645705,1,0,0,0,17.8419169559171,"FW","Maximo Oses"
1647589,6,0,0,0,19.0411781874022,"MF_no_ofen","Lautaro Millan"
1648044,1,0,0,0,29.557044140279,"FW","Facundo Baez"
1649321,1,0,0,0,22.1151473114348,"DF","Lautaro Rivero"
1661208,3,0,0,0,17.3435749523517,"MF_no_ofen","Matias Diaz"
1661689,1,0,0,0,18.6904134058427,"FW","Jeremias Merlo"
1661690,2,0,0,0,29.2976512784442,"DF","Fabricio Corbalan"
1661711,1,0,0,0,21.651849773437,"MF_no_ofen","Lautaro Godoy"
1662132,1,0,0,0,25.540793116227,"MF_no_ofen","Samuel Beltran"
1662971,1,0,0,0,29.691210303674,"MF_no_ofen","Leonel Roldan"
1666804,6,0,0,0,14.8254569279829,"FW","Santino Primante"
1675394,1,0,0,0,30.6619320803504,"FW","Lisandro Pinero"
1680411,4,0,0,0,10.5823920008728,"MF_ofen","Fabricio Perez"
1681472,1,0,0,0,19.5457175358866,"DF","Juan Moran"
1681682,2,0,0,0,26.7846678682799,"MF_no_ofen","Pablo Altamirano"
1684305,1,0,0,0,22.0429630153813,"FW","Gaspar Duarte"
1685811,1,0,0,0,20.2020141709311,"MF_no_ofen","Santiago Esquivel"
1685813,4,0,0,0,16.5402640227824,"MF_ofen","Claudio Valverde"
