"","Player","stats_Squad","stats_Pos"
"1","Kevin Coronel","Arg Juniors","DF"
"2","Kevin Lomónaco","Tigre","DF"
"3","Kevin Lopez","Independiente","MF"
"4","Kevin Mantilla","Talleres","DF"
"5","Kevin Ortíz","Rosario Central","MF"
"6","Kevin Silva","Rosario Central","FW"
"7","Kevin Zenon","Unión","DF,MF"
"8","Laurtaro Giaccone","Rosario Central","FW,MF"
"9","Lautaro Acosta","Lanús","FW,MF"
"10","Lautaro Cerato","Sarmiento","MF,FW"
"11","Lautaro Escalante","Defensa y Just","DF,MF"
"12","Lautaro Fedele","Defensa y Just","FW,MF"
"13","Lautaro Garzón","Vélez Sarsfield","GK"
"14","Lautaro Gianetti","Vélez Sarsfield","DF"
"15","Lautaro Guzmán","Arsenal","MF,FW"
"16","Lautaro López","Defensa y Just","MF"
"17","Lautaro Montoya","Tigre","DF"
"18","Lautaro Ovando","Talleres","FW,MF"
"19","Lautaro Pastrán","Belgrano","FW,MF"
"20","Lautaro Ríos","Banfield","MF"
"21","Leandro Díaz","Lanús","FW"
"22","Leandro González Pirez","River Plate","DF"
"23","Leandro Maciel","Cen. Córdoba–SdE","MF"
"24","Leandro Moreira","Arsenal","FW"
"25","Lenny Lobato","Vélez Sarsfield","FW,MF"
"26","Leonardo Burián","Vélez Sarsfield","GK"
"27","Leonardo Godoy","Estudiantes–LP","DF"
"28","Leonardo Heredia","Arg Juniors","FW,MF"
"29","Leonardo Jara","Vélez Sarsfield","DF"
"30","Leonardo Morales","Gimnasia–LP","DF"
"31","Leonardo Sigali","Racing Club","DF"
"32","Leonel González","Arg Juniors","DF"
"33","Leonel Miranda","Racing Club","MF"
"34","Leonel Mosevich","Instituto","DF"
"35","Leonel Picco","Platense","MF,FW"
"36","Leonel Vangioni","Newell's OB","DF"
"37","Lisandro López","Sarmiento","FW"
"38","Lisandro Montenegro","Newell's OB","MF,FW"
"39","Lisandro Morales","Unión","DF"
"40","Luca Klimowicz","Instituto","DF"
"41","Luca Langoni","Boca Juniors","FW,MF"
"42","Luca Martínez","Rosario Central","FW"
"43","Lucas Acosta","Lanús","GK"
"44","Lucas Albertengo","Instituto","FW,MF"
"45","Lucas Angelini","Cen. Córdoba–SdE","DF,FW"
"46","Lucas Arce","Godoy Cruz","DF"
"47","Lucas Blondel","Boca Juniors","DF,MF"
"48","Lucas Brochero","Arsenal","MF,DF"
"49","Lucas Carrizo","Huracán","DF,MF"
"50","Lucas Castro","Gimnasia–LP","MF,FW"
"51","Lucas Chávez","Huracán","GK"
"52","Lucas Colitto","Barracas Central","MF"
"53","Lucas Diarte","Belgrano","DF"
"54","Lucas Gamba","Cen. Córdoba–SdE","FW,MF"
"55","Lucas González","Independiente","MF"
"56","Lucas Hoyos","Newell's OB","GK"
"57","Lucas Janson","Boca Juniors","FW,MF"
"58","Lucas Melano","Sarmiento","FW"
"59","Lucas Menossi","Tigre","MF"
"60","Lucas Ocampo","Platense","MF,FW"
"61","Lucas Passerini","Belgrano","FW"
"62","Lucas Pratto","Defensa y Just","FW"
"63","Lucas Rodríguez","Instituto","DF"
"64","Lucas Souto","Huracán","DF"
"65","Lucas Suárez","Talleres","DF"
"66","Lucas Villalba","Arg Juniors","DF"
"67","Luciano Aued","Instituto","MF"
"68","Luciano Boggio","Lanús","MF,FW"
"69","Luciano Cingolani","Godoy Cruz","FW"
"70","Luciano Ferreyra","Platense","MF,FW"
"71","Luciano Gondou","Arg Juniors","FW,MF"
"72","Luciano Gómez","Gimnasia–LP","DF,MF"
"73","Luciano Lollo","Estudiantes–LP","DF"
"74","Luis Advíncula","Boca Juniors","DF,FW"
"75","Luis Angulo","Talleres","FW"
"76","Luis Miguel Rodríguez","Cen. Córdoba–SdE","FW,MF"
"77","Luis Sequeira","Talleres","MF"
"78","Maico Quiroz","Sarmiento","MF"
"79","Malcom Braida","San Lorenzo","DF,MF"
"80","Manuel Agustín Duarte","Defensa y Just","FW,MF"
"81","Manuel García","Sarmiento","MF"
"82","Manuel Guillén","Godoy Cruz","DF"
"83","Manuel Insaurralde","San Lorenzo","DF,MF"
"84","Manuel Lanzini","River Plate","MF,FW"
"85","Manuel Mónaco","Sarmiento","MF,FW"
"86","Manuel Roffo","Instituto","GK"
"87","Manuel Tucker","Platense","MF"
"88","Marcelo Benitez","Cen. Córdoba–SdE","DF,MF"
"89","Marcelo Estigarribia","Atlé Tucumán","FW"
"90","Marcelo González","Atlé Tucumán","FW,MF"
"91","Marcelo Herrera","River Plate","DF"
"92","Marcelo Ortiz","Atlé Tucumán","DF"
"93","Marcelo Pérez","Huracán","FW,MF"
"94","Marcelo Saracchi","Boca Juniors","DF"
"95","Marcelo Weigandt","Boca Juniors","DF"
"96","Marco Di Cesare","Arg Juniors","DF"
"97","Marcos Portillo","Newell's OB","MF,FW"
"98","Marcos Rojo","Boca Juniors","DF"
"99","Mariano Andújar","Estudiantes–LP","GK"
"100","Mariano Bíttolo","Arg Juniors","DF"
"101","Mariano Miño","Belgrano","MF,FW"
"102","Mariano Troilo","Belgrano","DF,MF"
"103","Martiniano Moreno","Estudiantes–LP","FW,MF"
"104","Martín Cauteruccio","Independiente","FW,DF"
"105","Martín Garay","Tigre","DF"
"106","Martín Luciano","Godoy Cruz","DF,MF"
"107","Martín Ortega","Tigre","DF"
"108","Martín Sarrafiore","Independiente","FW,MF"
"109","Mateo Coronel","Atlé Tucumán","FW,MF"
"110","Mateo Del Blanco","Unión","DF,MF"
"111","Mateo Pellegrino","Platense","FW"
"112","Mateo Pérez","Banfield","DF"
"113","Mateo Sanabria","Cen. Córdoba–SdE","FW,MF"
"114","Mateo Seoane","Talleres","MF"
"115","Matias Espíndola","Tigre","DF,FW"
"116","Matias Galarza Fonda","Talleres","MF,FW"
"117","Matias Gomez","Talleres","MF"
"118","Matias Ibacache","Belgrano","DF"
"119","Matias Moreno","Belgrano","DF"
"120","Matias Nicolas Gomez","Huracán","MF"
"121","Matías Abaldo","Gimnasia–LP","MF,FW"
"122","Matías Catalán","Talleres","DF"
"123","Matías Cóccaro","Huracán","FW"
"124","Matías Esquivel","Lanús","FW,MF"
"125","Matías García","Belgrano","FW,MF"
"126","Matías Giménez","Independiente","FW,MF"
"127","Matías Godoy","Estudiantes–LP","DF,FW"
"128","Matías González","Banfield","MF,FW"
"129","Matías Ibáñez","Colón","GK"
"130","Matías Kranevitter","River Plate","MF"
"131","Matías Laba","Barracas Central","MF"
"132","Matías Mansilla","Cen. Córdoba–SdE","GK"
"133","Matías Marín","Belgrano","MF,FW"
"134","Matías Orihuela","Atlé Tucumán","DF"
"135","Matías Palavecino","Belgrano","MF,DF"
"136","Matías Ramírez","Banfield","MF,FW"
"137","Matías Romero","Instituto","MF"
"138","Matías Suárez","River Plate","MF,FW"
"139","Matías Tagliamonte","Racing Club","GK"
"140","Matías Vera","Arg Juniors","MF,FW"
"141","Mauricio Isla","Independiente","DF"
"142","Mauro Antonio Burruchaga","Arsenal","MF"
"143","Mauro Boselli","Estudiantes–LP","FW"
"144","Mauro Luna Diale","Unión","MF,FW"
"145","Mauro Méndez","Estudiantes–LP","FW"
"146","Mauro Peinipil","Barracas Central","DF"
"147","Mauro Pittón","Cen. Córdoba–SdE","MF"
"148","Maximiliano Centurión","Arsenal","DF"
"149","Maximiliano González","Lanús","DF"
"150","Maximiliano Lovera","Rosario Central","FW,MF"
"151","Maximiliano Puig","Barracas Central","MF,DF"
"152","Maximiliano Rodríguez","Barracas Central","DF"
"153","Maximiliano Romero","Racing Club","FW,MF"
"154","Maximiliano Zalazar","Platense","FW,MF"
"155","Michael Rangel","Cen. Córdoba–SdE","FW"
"156","Miguel Borja","River Plate","FW"
"157","Miguel Brizuela","Vélez Sarsfield","DF,FW"
"158","Miguel Jacquet Duarte","Platense","DF"
"159","Miguel Merentiel","Boca Juniors","FW"
"160","Miguel Ángel Torrén","Arg Juniors","DF"
"161","Milton Casco","River Plate","DF"
"162","Milton Giménez","Banfield","FW"
"163","Nadir Zeineddin","Platense","FW,MF"
"164","Nahuel Barrios","San Lorenzo","MF,FW"
"165","Nahuel Bustos","Talleres","FW"
"166","Nahuel Gallardo","Sarmiento","DF,FW"
"167","Nahuel Losada","Belgrano","GK"
"168","Nazareno Colombo","Racing Club","DF"
"169","Nehuén Benedetti","Estudiantes–LP","FW"
"170","Nicolas Andres Fernandez","Estudiantes–LP","DF"
"171","Nicolas Kozlovsky","Racing Club","DF"
"172","Nicolás Aguirre","Arsenal","MF"
"173","Nicolás Barrientos","Instituto","MF,FW"
"174","Nicolás Blandi","San Lorenzo","FW,MF"
"175","Nicolás Capraro","Barracas Central","DF"
"176","Nicolás Castro","Platense","MF"
"177","Nicolás Colazo","Gimnasia–LP","DF,MF"
"178","Nicolás Cordero","Huracán","FW"
"179","Nicolás De La Cruz","River Plate","MF"
"180","Nicolás Dubersarsky","Instituto","MF"
"181","Nicolás Garayalde","Vélez Sarsfield","MF"
"182","Nicolás Leguizamón","Cen. Córdoba–SdE","FW,MF"
"183","Nicolás Linares","Instituto","MF"
"184","Nicolás Meaurio","Racing Club","FW"
"185","Nicolás Meriano","Belgrano","MF,DF"
"186","Nicolás Morgantini","Platense","DF"
"187","Nicolás Orsini","Unión","FW"
"188","Nicolás Oróz","Racing Club","MF,FW"
"189","Nicolás Palavecino","Estudiantes–LP","DF,MF"
"190","Nicolás Paz","Unión","DF"
"191","Nicolás Reniero","Tigre","FW"
"192","Nicolás Reniero","Racing Club","FW"
"193","Nicolás Romero","Atlé Tucumán","DF"
"194","Nicolás Schiappacasse","Belgrano","MF,FW"
"195","Nicolás Servetto","Platense","FW"
"196","Nicolás Sosa","Banfield","MF"
"197","Nicolás Sánchez","Gimnasia–LP","MF"
"198","Nicolás Tolosa","Barracas Central","DF"
"199","Nicolás Tripichio","Defensa y Just","DF,MF"
"200","Nicolás Valentini","Boca Juniors","DF"
"201","Nicolás Vallejo","Independiente","MF"
"202","Nicolás Vallejo","Talleres","FW"
"203","Norberto Briasco","Boca Juniors","FW,MF"
"204","Néstor Breitenbruch","Arsenal","DF"
"205","Octavio Bianchi","Rosario Central","FW"
"206","Oscar Piris","Unión","DF"
"207","Pablo Chavarría","Belgrano","FW,MF"
"208","Pablo Minissale","Arg Juniors","DF"
"209","Pablo Piatti","Estudiantes–LP","MF"
"210","Pablo Pérez","Newell's OB","MF,FW"
"211","Pablo Solari","River Plate","FW,MF"
"212","Pablo de Blasis","Gimnasia–LP","MF"
"213","Paolo Goltz","Colón","DF"
"214","Patricio Pizarro","Huracán","DF,MF"
"215","Patricio Tanda","Unión","MF,DF"
"216","Paulo Díaz","River Plate","DF"
"217","Pedro De la Vega","Lanús","FW,MF"
"218","Pier Barrios","Godoy Cruz","DF"
"219","Rafa Pérez","San Lorenzo","DF"
"220","Rafael Marcelo Delgado","Colón","DF"
"221","Ramiro Carrera","Atlé Tucumán","MF"
"222","Ramiro Funes Mori","River Plate","DF"
"223","Ramiro Macagno","Platense","GK"
"224","Ramiro Ruiz","Atlé Tucumán","FW,DF"
"225","Ramiro Sordo","Newell's OB","FW,MF"
"226","Ramón Cansinos","Cen. Córdoba–SdE","FW"
"227","Ramón Sosa","Talleres","FW,MF"
"228","Ramón Ábila","Colón","FW"
"229","Raúl Loaiza","Lanús","MF"
"230","Raúl Lozano","Platense","DF"
"231","Renzo López","Tigre","FW"
"232","Renzo Tesuri","Atlé Tucumán","MF,DF"
"233","Robert Rojas","Tigre","DF"
"234","Roberto Bochi","Instituto","MF"
"235","Roberto Nicolás Fernández","Godoy Cruz","MF"
"236","Rodrigo Aliendro","River Plate","MF"
"237","Rodrigo Bogarín","Defensa y Just","MF"
"238","Rodrigo Cabral","Arg Juniors","MF,DF"
"239","Rodrigo Castillo","Gimnasia–LP","FW,MF"
"240","Rodrigo Echeverría","Huracán","MF"
"241","Rodrigo Gallo","Gimnasia–LP","DF"
"242","Rodrigo Garro","Talleres","MF,FW"
"243","Rodrigo Herrera","Barracas Central","MF"
"244","Rodrigo Insúa","Barracas Central","DF,MF"
"245","Rodrigo Rey","Independiente","GK"
"246","Rodrigo Saravia","Gimnasia–LP","MF"
"247","Rodrigo Villagra","Talleres","MF"
"248","Roger Martínez","Racing Club","FW"
"249","Román Riquelme","Arg Juniors","DF"
"250","Román Vega","Arg Juniors","DF"
"251","Ronaldo Martínez","Platense","FW"
"252","Rubén Botta","Colón","MF,FW"
"253","Rubén Martínez","Independiente","MF,FW"
"254","Salomón Rodríguez","Godoy Cruz","FW"
"255","Salomón Rondón","River Plate","FW"
"256","Santi Ramos Mingo","Defensa y Just","DF"
"257","Santiago Ascacíbar","Estudiantes–LP","MF"
"258","Santiago Castro","Vélez Sarsfield","FW,MF"
"259","Santiago Cáseres","Vélez Sarsfield","MF"
"260","Santiago Longo","Belgrano","MF"
"261","Santiago Montiel","Arg Juniors","DF,MF"
"262","Santiago Núñez","Estudiantes–LP","DF"
"263","Santiago Pierotti","Colón","FW,MF"
"264","Santiago Quiros","Racing Club","DF"
"265","Santiago Rodriguez","Instituto","FW,MF"
"266","Santiago Rojas","Tigre","GK"
"267","Santiago Simón","River Plate","DF"
"268","Santiago Solari","Defensa y Just","FW,MF"
"269","Santiago Toloza","Independiente","MF,FW"
"270","Santiago Toloza","Arsenal","MF"
"271","Santino Vera","Racing Club","MF"
"272","Sasha Marcich","Platense","DF,FW"
"273","Sebastián Corda","Instituto","DF"
"274","Sebastián Medina","Tigre","MF,FW"
"275","Sebastián Moyano","Unión","GK"
"276","Sebastián Prediger","Tigre","MF"
"277","Sebastián Prieto","Tigre","DF"
"278","Sebastián Sosa","Banfield","FW,MF"
"279","Sebastián Valdez","Cen. Córdoba–SdE","DF"
"280","Sergio Ortíz","Independiente","MF,FW"
"281","Sergio Quiroga","Sarmiento","MF"
"282","Sergio Romero","Boca Juniors","GK"
"283","Siro Rosane","Barracas Central","MF"
"284","Stéfano Moreyra","Colón","MF"
"285","Tadeo Allende","Godoy Cruz","FW,MF"
"286","Thiago Fernández","Vélez Sarsfield","FW"
"287","Thiago Nuss","Arg Juniors","DF,FW"
"288","Thiago Schiavulli","Defensa y Just","DF"
"289","Thomas Galdames","Godoy Cruz","DF"
"290","Tiago Banega","Unión","MF"
"291","Tiago Tomas Palacios","Talleres","DF"
"292","Tobías Cervera","Rosario Central","FW"
"293","Tobías Medina","San Lorenzo","DF"
"294","Tobías Rubio","Racing Club","DF"
"295","Tomas Castro","Belgrano","MF,FW"
"296","Tomás Badaloni","Tigre","FW"
"297","Tomás Cardona","Defensa y Just","DF"
"298","Tomás Castro","Atlé Tucumán","MF"
"299","Tomás Conechny","Godoy Cruz","FW"
"300","Tomás Durso","Gimnasia–LP","GK"
"301","Tomás Galván","Colón","MF,FW"
"302","Tomás González","Unión","FW,MF"
"303","Tomás Guidara","Vélez Sarsfield","DF"
"304","Tomás Marchiori","Atlé Tucumán","GK"
"305","Tomás Molina","Talleres","FW,MF"
"306","Tomás O'Connor","Rosario Central","MF,FW"
"307","Tomás Ortiz","Defensa y Just","FW"
"308","Tomás Pozzo","Independiente","MF"
"309","Tomás Pérez","Racing Club","FW,MF"
"310","Tomás Sultani","Arsenal","GK"
"311","Ulises Ciccioli","Rosario Central","MF"
"312","Ulises Sánchez","Belgrano","MF,FW"
"313","Uvita Fernandez","Defensa y Just","FW"
"314","Valentín Barco","Boca Juniors","MF,FW"
"315","Valentín Depietri","Talleres","FW,MF"
"316","Valentín Gómez","Vélez Sarsfield","DF"
"317","Vicente Taborda","Boca Juniors","MF,FW"
"318","Víctor Cabrera","Tigre","DF"
"319","Víctor Malcorra","Rosario Central","MF,FW"
"320","Walter Bou","Vélez Sarsfield","MF,FW"
"321","Walter Mazzantti","Huracán","FW"
"322","Walter Montoya","Rosario Central","MF"
"323","William Alarcón","Huracán","MF"
"324","Yair Ezequiel Arismendi","Sarmiento","MF"
"325","Yeison Gordillo","Vélez Sarsfield","MF"
"326","Yonathan Cabral","Gimnasia–LP","DF"
"327","Yvo Calleros","Banfield","MF"
"328","Zago Zegarra","Gimnasia–LP","DF"
"329","Zaid Romero","Estudiantes–LP","DF"
