"","playerName","n"
"1","Kevin Coronel",1
"2","Kevin Lomonaco",1
"3","Kevin Lopez",1
"4","Kevin Mantilla",1
"5","Kevin Ortiz",1
"6","Kevin Zenon",1
"7","Laurtaro Giaccone",1
"8","Lautaro Acosta",1
"9","Lautaro Cerato",1
"10","Lautaro Fedele",1
"11","Lautaro Gianetti",1
"12","Lautaro Lopez",1
"13","Lautaro Ovando",1
"14","Lautaro Pastran",1
"15","Lautaro Tomas Escalante",1
"16","Leandro Diaz",1
"17","Leandro Gonzalez Pirez",1
"18","Leandro Maciel",1
"19","Leandro Moreira",1
"20","Lenny Lobato",1
"21","Leonardo German Sigali",1
"22","Leonardo Godoy",1
"23","Leonardo Heredia",1
"24","Leonardo Jara",1
"25","Leonardo Morales",1
"26","Leonel Mosevich",1
"27","Leonel Picco",1
"28","Leonel Vangioni",1
"29","Lisandro Lopez",1
"30","Lisandro Morales",1
"31","Lisandro Sebastian Montenegro",1
"32","Luca Langoni",1
"33","Luca Martinez Dupuy",1
"34","Lucas Albertengo",1
"35","Lucas Angelini",1
"36","Lucas Arce",1
"37","Lucas Blondel",1
"38","Lucas Brochero",1
"39","Lucas Carrizo",1
"40","Lucas Colitto",1
"41","Lucas Diarte",1
"42","Lucas Emanuel Gamba",1
"43","Lucas Gonzalez",1
"44","Lucas Janson",1
"45","Lucas Menossi",1
"46","Lucas Nahuel Castro",1
"47","Lucas Passerini",1
"48","Lucas Pratto",1
"49","Lucas Rodriguez",1
"50","Lucas Santiago Melano",1
"51","Lucas Souto",1
"52","Lucas Suarez",1
"53","Lucas Villalba",1
"54","Luciano Boggio",1
"55","Luciano Ferreyra",1
"56","Luciano Gomez",1
"57","Luciano Gondou",1
"58","Luciano Lollo",1
"59","Luis Advincula",1
"60","Luis Miguel Rodriguez",1
"61","Luis Sequeira",1
"62","Maestro Puch Ignacio",1
"63","Maico Quiroz",1
"64","Malcom Braida",1
"65","Manuel Duarte",1
"66","Manuel Guillen",1
"67","Manuel Lanzini",1
"68","Manuel Monaco",1
"69","Marcelo Estigarribia",1
"70","Marcelo Gonzalez",1
"71","Marcelo Herrera",1
"72","Marcelo Ortiz",1
"73","Marcelo Perez",1
"74","Marcelo Saracchi",1
"75","Marcelo Weigandt",1
"76","Marco Di Cesare",1
"77","Marcos Portillo",1
"78","Marcos Rojo",1
"79","Mariano Bittolo",1
"80","Mariano Mino",1
"81","Martin Cauteruccio",1
"82","Martin Ezequiel Canete",1
"83","Martin Garay",1
"84","Martiniano Moreno",1
"85","Mateo Agustin Coronel",1
"86","Mateo Del Blanco",1
"87","Mateo Pellegrino",1
"88","Mateo Perez",1
"89","Mateo Sanabria",1
"90","Matias Abaldo",1
"91","Matias Catalan",1
"92","Matias Coccaro",1
"93","Matias Esquivel",1
"94","Matias Ezequiel Gomez",1
"95","Matias Galarza Fonda",1
"96","Matias Garcia",1
"97","Matias Gimenez Rojas",1
"98","Matias Godoy",1
"99","Matias Gonzalez",1
"100","Matias Kranevitter",1
"101","Matias Marin",1
"102","Matias Moreno",1
"103","Matias Nicolas Gomez",1
"104","Matias Orihuela",1
"105","Matias Ramirez",1
"106","Matias Romero",1
"107","Matias Suarez",1
"108","Matias Vera",1
"109","Mauricio Isla",1
"110","Mauro Boselli",1
"111","Mauro Burruchaga",1
"112","Mauro Luna Diale",1
"113","Mauro Mendez",1
"114","Mauro Peinipil",1
"115","Mauro Pitton",1
"116","Maximiliano Lovera",1
"117","Maximiliano Puig",1
"118","Maximiliano Romero",1
"119","Maximiliano Zalazar",1
"120","Michael Rangel",1
"121","Miguel Borja",1
"122","Miguel Jacquet",1
"123","Miguel Merentiel",1
"124","Milton Casco",1
"125","Milton Gimenez",1
"126","Nahuel Lautaro Bustos",1
"127","Nazareno Colombo",1
"128","Nestor Breitenbruch",1
"129","Nicolas Andres Fernandez",1
"130","Nicolas Barrientos",1
"131","Nicolas Blandi",1
"132","Nicolas Capraro",1
"133","Nicolas Carlos Colazo",1
"134","Nicolas Castro",1
"135","Nicolas Cordero",1
"136","Nicolas Garayalde",1
"137","Nicolas Leguizamon",1
"138","Nicolas Linares",1
"139","Nicolas Meaurio",1
"140","Nicolas Morgantini",1
"141","Nicolas Oroz",1
"142","Nicolas Orsini",1
"143","Nicolas Paz",1
"144","Nicolas Reniero",1
"145","Nicolas Romero",1
"146","Nicolas Sanchez",1
"147","Nicolas Schiappacasse",1
"148","Nicolas Servetto",1
"149","Nicolas Sosa",1
"150","Nicolas Tripichio",1
"151","Nicolas Valentini",1
"152","Nicolás de la Cruz",1
"153","Norberto Briasco",1
"154","Octavio Bianchi",1
"155","Oscar Piris",1
"156","Pablo Chavarria",1
"157","Pablo De Blasis",1
"158","Pablo Solari",1
"159","Paolo Duva Goltz",1
"160","Patricio Tanda",1
"161","Paulo Diaz",1
"162","Pedro De la Vega",1
"163","Pier Barrios",1
"164","Rafael Delgado",1
"165","Rafael Perez",1
"166","Ramiro Carrera",1
"167","Ramiro Funes Mori",1
"168","Ramiro Ruiz",1
"169","Ramiro Sordo",1
"170","Ramon Abila",1
"171","Ramon Sosa",1
"172","Raul Loaiza",1
"173","Raul Lozano",1
"174","Renzo Lopez",1
"175","Renzo Tesuri",1
"176","Robert Rojas",1
"177","Roberto Agustin Bochi",1
"178","Roberto Garcia",1
"179","Roberto Nicolas Fernandez",1
"180","Rodrigo Aliendro",1
"181","Rodrigo Bogarin",1
"182","Rodrigo Cabral",1
"183","Rodrigo Echeverria",1
"184","Rodrigo Gallo",1
"185","Rodrigo Garro",1
"186","Rodrigo Herrera",1
"187","Rodrigo Insua",1
"188","Rodrigo Saravia",1
"189","Rodrigo Villagra",1
"190","Roger Martinez",1
"191","Ronaldo Martinez",1
"192","Ruben Botta",1
"193","Salomon Rodriguez",1
"194","Santiago Ascacibar",1
"195","Santiago Castro",1
"196","Santiago Gabriel Montiel",1
"197","Santiago Longo",1
"198","Santiago Nunez",1
"199","Santiago Pierotti",1
"200","Santiago Quiros",1
"201","Santiago Ramos",1
"202","Santiago Rodriguez",1
"203","Santiago Rojas",1
"204","Santiago Simon",1
"205","Santiago Solari",1
"206","Santiago Toloza",1
"207","Santino Vera",1
"208","Sasha Marcich",1
"209","Sebastian Boselli",1
"210","Sebastian Medina",1
"211","Sebastian Prieto",1
"212","Sebastian Sosa",1
"213","Sebastian Valdez",1
"214","Sebastián Prediger",1
"215","Sergio Ortiz",1
"216","Sergio Quiroga",1
"217","Siro Rosane",1
"218","Stefano Moreyra",1
"219","Tadeo Allende",1
"220","Thiago Fernandez",1
"221","Thomas Galdames",1
"222","Tiago Banega",1
"223","Tobias Cervera",1
"224","Tobias Medina",1
"225","Tomas Badaloni",1
"226","Tomas Cardona",1
"227","Tomas Conechny",1
"228","Tomas Galvan",1
"229","Tomas Molina",1
"230","Tomas O'Connor",1
"231","Tomas Ortiz",1
"232","Tomas Perez",1
"233","Tomás Ezequiel Guidara",1
"234","Ulises Sanchez",1
"235","Uvita Fernandez",1
"236","Valentin Barco",1
"237","Valentin Depietri",1
"238","Valentin Gomez",1
"239","Vicente Taborda",1
"240","Victor Cabrera",1
"241","Victor Malcorra",1
"242","Walter Bou",1
"243","Walter Mazzanti",1
"244","Williams Alarcon",1
"245","Yair Arismendi",1
"246","Yeison Gordillo",1
"247","Yonathan Cabral",1
"248","Yvo Calleros",1
"249","Zago Zegarra",1
"250","Zaid Abner Romero",1
