Player,keepers_Nation,keepers_Pos,keepers_Squad,keepers_Comp,keepers_Age,keepers_Born,keepers_MP,keepers_Starts,keepers_Min,keepers_90s,keepers_GA,keepers_GA90,keepers_SoTA,keepers_Saves,keepers_Save%,keepers_W,keepers_D,keepers_L,keepers_CS,keepers_CS%,keepers_PKatt,keepers_PKA,keepers_PKsv,keepers_PKm,keepers_Save%,keepersadv_Nation,keepersadv_Pos,keepersadv_Squad,keepersadv_Comp,keepersadv_Age,keepersadv_Born,keepersadv_90s,keepersadv_GA,keepersadv_PKA,keepersadv_FK,keepersadv_CK,keepersadv_OG,keepersadv_PSxG,keepersadv_PSxG/SoT,keepersadv_PSxG+/-,keepersadv_/90,keepersadv_Cmp,keepersadv_Att,keepersadv_Cmp%,keepersadv_Att (GK),keepersadv_Thr,keepersadv_Launch%,keepersadv_AvgLen,keepersadv_Att,keepersadv_Launch%,keepersadv_AvgLen,keepersadv_Opp,keepersadv_Stp,keepersadv_Stp%,keepersadv_#OPA,keepersadv_#OPA/90,keepersadv_AvgDist
Lucas Acosta,ar ARG,GK,Lanús,Copa de la Liga,28,1995,14,14,"1,260",14.0,14,1.00,49,35,73.5,7,2,5,5,35.7,1,1,0,0,0.0,ar ARG,GK,Lanús,Copa de la Liga,28,1995,14.0,14,1,0,2,0,13.8,0.26,-0.2,-0.01,84,282,29.8,313,42,58.1,44.2,119,84.0,62.2,236,13,5.5,10,0.71,13.1
Facundo Altamirano,ar ARG,GK,San Lorenzo,Copa de la Liga,27,1996,12,12,"1,073",11.9,10,0.84,43,33,76.7,3,6,3,7,58.3,0,0,0,0,0,ar ARG,GK,San Lorenzo,Copa de la Liga,27,1996,11.9,10,0,0,1,0,13.5,0.31,+3.5,+0.29,94,218,43.1,223,37,62.3,46.6,91,86.8,60.4,154,16,10.4,6,0.50,11.9
Ignacio Arce,ar ARG,GK,Deportivo Riestra,Copa de la Liga,31,1992,14,14,"1,260",14.0,16,1.14,59,42,74.6,3,4,7,4,28.6,2,1,1,0,50.0,ar ARG,GK,Deportivo Riestra,Copa de la Liga,31,1992,14.0,16,1,1,2,0,17.6,0.28,+1.6,+0.11,151,419,36.0,354,17,78.0,53.8,154,92.9,67.4,279,20,7.2,11,0.79,13.2
Gabriel Arias,cl CHI,GK,Racing Club,Copa de la Liga,36,1987,14,14,"1,215",13.5,11,0.81,45,35,75.6,7,3,4,6,42.9,0,0,0,0,0,cl CHI,GK,Racing Club,Copa de la Liga,36,1987,13.5,11,0,0,3,1,10.3,0.24,+0.3,+0.02,53,149,35.6,276,54,35.5,35.4,116,44.0,40.6,217,13,6.0,10,0.74,12.9
Franco Armani,ar ARG,GK,River Plate,Copa de la Liga,37,1986,14,14,"1,260",14.0,10,0.71,56,46,83.9,7,6,1,5,35.7,1,1,0,0,0.0,ar ARG,GK,River Plate,Copa de la Liga,37,1986,14.0,10,1,0,0,0,13.7,0.23,+3.7,+0.27,30,75,40.0,295,104,16.6,26.8,101,25.7,29.3,172,16,9.3,16,1.14,15.1
Marcelo Barovero,ar ARG,GK,Banfield,Copa de la Liga,39,1984,14,14,"1,260",14.0,15,1.07,57,42,77.2,4,5,5,5,35.7,2,2,0,0,0.0,ar ARG,GK,Banfield,Copa de la Liga,39,1984,14.0,15,2,1,4,0,16.8,0.27,+1.8,+0.13,46,132,34.8,269,61,32.0,32.1,100,46.0,37.4,202,13,6.4,1,0.07,8.2
Enrique Bologna,ar ARG,GK,Defensa y Just,Copa de la Liga,41,1982,1,1,90,1.0,2,2.00,4,2,75.0,0,0,1,0,0.0,1,1,0,0,0.0,ar ARG,GK,Defensa y Just,Copa de la Liga,41,1982,1.0,2,1,0,0,0,1.9,0.22,-0.1,-0.15,5,16,31.3,39,5,33.3,32.7,12,25.0,38.6,19,0,0.0,0,0.00,13.0
Leandro Brey,ar ARG,GK,Boca Juniors,Copa de la Liga,21,2002,4,3,223,2.5,2,0.81,7,5,85.7,2,0,1,0,0.0,1,1,0,0,0.0,ar ARG,GK,Boca Juniors,Copa de la Liga,21,2002,2.5,2,1,0,0,0,1.7,0.11,-0.3,-0.13,4,22,18.2,43,10,37.2,32.0,22,27.3,31.1,42,5,11.9,1,0.40,10.6
Jorge Broun,ar ARG,GK,Rosario Central,Copa de la Liga,37,1986,13,13,"1,170",13.0,16,1.23,65,49,78.5,4,3,6,4,30.8,2,2,0,0,0.0,ar ARG,GK,Rosario Central,Copa de la Liga,37,1986,13.0,16,2,0,2,0,19.0,0.27,+3.0,+0.23,59,185,31.9,217,48,51.2,40.2,120,61.7,47.6,205,11,5.4,0,0.00,7.4
Facundo Cambeses,ar ARG,GK,Racing Club,Copa de la Liga,26,1997,1,0,45,0.5,0,0.00,1,1,100.0,0,0,0,1,0,0,0,0,0,0,ar ARG,GK,Racing Club,Copa de la Liga,26,1997,0.5,0,0,0,0,0,0.2,0.24,+0.2,+0.48,3,9,33.3,10,1,50.0,41.7,5,80.0,60.0,1,0,0.0,0,0.00,0
Dante Campisi,ar ARG,GK,Unión,Copa de la Liga,27,1996,11,11,990,11.0,10,0.91,38,28,76.3,4,4,3,5,45.5,1,1,0,0,0.0,ar ARG,GK,Unión,Copa de la Liga,27,1996,11.0,10,1,0,1,0,11.3,0.27,+1.3,+0.12,24,99,24.2,191,38,35.1,34.8,77,41.6,37.7,133,8,6.0,3,0.27,12.4
Thiago Cardozo,uy URU,GK,Unión,Copa de la Liga,27,1996,3,3,270,3.0,4,1.33,10,6,70.0,1,1,1,1,33.3,1,1,0,0,0.0,uy URU,GK,Unión,Copa de la Liga,27,1996,3.0,4,1,0,0,0,4.3,0.34,+0.3,+0.11,23,61,37.7,65,8,63.1,46.4,23,87.0,61.9,35,0,0.0,5,1.67,20.8
Ignacio Chicco,ar ARG,GK,Belgrano,Copa de la Liga,27,1996,2,2,180,2.0,2,1.00,6,4,66.7,2,0,0,0,0.0,0,0,0,0,0,ar ARG,GK,Belgrano,Copa de la Liga,27,1996,2.0,2,0,0,0,0,1.3,0.22,-0.7,-0.34,9,42,21.4,56,3,58.9,43.5,11,81.8,54.0,50,3,6.0,5,2.50,12.8
Juan Cozzani,ar ARG,GK,Platense,Copa de la Liga,25,1998,14,14,"1,260",14.0,14,1.00,44,30,68.2,4,6,4,7,50.0,0,0,0,0,0,ar ARG,GK,Platense,Copa de la Liga,25,1998,14.0,14,0,1,2,0,14.3,0.33,+0.3,+0.02,101,206,49.0,276,29,50.4,39.4,95,70.5,51.8,179,10,5.6,11,0.79,15.4
José Devecchi,ar ARG,GK,Atlé Tucumán,Copa de la Liga,28,1995,14,14,"1,260",14.0,23,1.64,50,27,58.0,1,7,6,4,28.6,3,2,0,1,0.0,ar ARG,GK,Atlé Tucumán,Copa de la Liga,28,1995,14.0,23,2,1,4,0,16.6,0.30,-6.4,-0.46,86,209,41.1,211,44,52.6,41.7,122,80.3,57.2,153,8,5.2,12,0.86,16.2
Cristopher Fiermarin,uy URU,GK,Defensa y Just,Copa de la Liga,26,1998,13,13,"1,170",13.0,11,0.85,50,39,80.0,7,5,1,6,46.2,1,1,0,0,0.0,uy URU,GK,Defensa y Just,Copa de la Liga,26,1998,13.0,11,1,1,0,0,15.5,0.29,+4.5,+0.34,80,170,47.1,336,60,32.7,35.1,134,44.8,40.3,221,11,5.0,7,0.54,11.7
Hernán Galíndez,ec ECU,GK,Huracán,Copa de la Liga,36,1987,14,14,"1,260",14.0,12,0.86,50,38,78.0,4,4,6,7,50.0,1,1,0,0,0.0,ec ECU,GK,Huracán,Copa de la Liga,36,1987,14.0,12,1,0,4,0,16.8,0.32,+4.8,+0.34,84,226,37.2,312,43,50.0,42.1,128,54.7,48.3,205,12,5.9,7,0.50,12.2
Gastón Gómez,ar ARG,GK,San Lorenzo,Copa de la Liga,27,1996,3,2,187,2.1,4,1.93,9,5,66.7,0,1,1,0,0.0,1,1,0,0,0.0,ar ARG,GK,San Lorenzo,Copa de la Liga,27,1996,2.1,4,1,0,0,0,3.9,0.33,-0.1,-0.06,16,38,42.1,35,7,68.6,45.8,16,87.5,60.1,20,1,5.0,1,0.48,9.0
Javier Hernán García,ar ARG,GK,Boca Juniors,Copa de la Liga,37,1987,1,1,72,0.8,2,2.50,3,1,33.3,1,0,0,0,0,0,0,0,0,0,ar ARG,GK,Boca Juniors,Copa de la Liga,37,1987,0.8,2,0,0,0,0,1.7,0.57,0,0,2,9,22.2,13,1,61.5,42.8,2,50.0,52.0,11,0,0,0,0,0
Guido Herrera,ar ARG,GK,Talleres,Copa de la Liga,31,1992,13,13,"1,170",13.0,15,1.15,39,25,71.8,6,5,2,3,23.1,4,4,0,0,0.0,ar ARG,GK,Talleres,Copa de la Liga,31,1992,13.0,15,4,0,2,1,13.6,0.27,-0.4,-0.03,82,206,39.8,257,23,50.6,42.0,116,65.5,51.3,195,14,7.2,9,0.69,12.5
Luis Ingolotti,ar ARG,GK,Cen. Córdoba–SdE,Copa de la Liga,24,2000,8,8,720,8.0,15,1.87,44,30,65.9,1,3,4,2,25.0,0,0,0,0,0,ar ARG,GK,Cen. Córdoba–SdE,Copa de la Liga,24,2000,8.0,15,0,0,1,1,13.7,0.32,-0.3,-0.04,37,110,33.6,198,31,42.4,37.6,62,41.9,39.2,112,3,2.7,8,1.00,16.4
Nelson Insfrán,ar ARG,GK,Gimnasia–LP,Copa de la Liga,28,1995,14,14,"1,260",14.0,23,1.64,71,48,70.4,5,1,8,4,28.6,2,2,0,0,0.0,ar ARG,GK,Gimnasia–LP,Copa de la Liga,28,1995,14.0,23,2,0,1,0,23.8,0.32,+0.8,+0.06,98,257,38.1,268,43,63.4,46.0,123,70.7,53.7,211,14,6.6,10,0.71,13.4
Nahuel Losada,ar ARG,GK,Belgrano,Copa de la Liga,30,1993,12,12,"1,080",12.0,19,1.58,50,30,64.0,1,5,6,0,0.0,2,1,1,0,50.0,ar ARG,GK,Belgrano,Copa de la Liga,30,1993,12.0,19,1,0,3,0,16.7,0.30,-2.3,-0.19,58,144,40.3,312,69,31.7,34.8,95,47.4,43.4,189,16,8.5,8,0.67,13.0
Ramiro Macagno,ar ARG,GK,Newell's OB,Copa de la Liga,26,1997,14,14,"1,260",14.0,15,1.07,56,41,73.2,6,3,5,6,42.9,0,0,0,0,0,ar ARG,GK,Newell's OB,Copa de la Liga,26,1997,14.0,15,0,0,2,0,18.8,0.34,+3.8,+0.27,57,177,32.2,248,57,41.1,37.2,108,69.4,53.7,202,13,6.4,6,0.43,12.0
Matías Mansilla,ar ARG,GK,Estudiantes–LP,Copa de la Liga,27,1996,13,13,"1,170",13.0,9,0.69,30,21,70.0,7,3,3,7,53.8,0,0,0,0,0,ar ARG,GK,Estudiantes–LP,Copa de la Liga,27,1996,13.0,9,0,0,0,0,6.9,0.23,-2.1,-0.16,40,137,29.2,234,73,34.2,33.8,121,47.1,40.3,198,15,7.6,5,0.38,15.5
Matías Mansilla,ar ARG,GK,Cen. Córdoba–SdE,Copa de la Liga,27,1996,1,1,90,1.0,1,1.00,3,2,66.7,0,0,1,0,0.0,0,0,0,0,0,ar ARG,GK,Estudiantes–LP,Copa de la Liga,27,1996,13.0,9,0,0,0,0,6.9,0.23,-2.1,-0.16,40,137,29.2,234,73,34.2,33.8,121,47.1,40.3,198,15,7.6,5,0.38,15.5
Tomás Marchiori,ar ARG,GK,Vélez Sarsfield,Copa de la Liga,28,1995,14,14,"1,260",14.0,13,0.93,49,37,73.5,7,4,3,6,42.9,0,0,0,0,0,ar ARG,GK,Vélez Sarsfield,Copa de la Liga,28,1995,14.0,13,0,0,4,1,14.3,0.30,+2.3,+0.16,35,112,31.3,254,70,28.3,30.5,125,32.0,33.2,184,5,2.7,8,0.57,13.8
Gonzalo Marinelli,ar ARG,GK,Ind. Rivadavia,Copa de la Liga,34,1989,12,12,"1,080",12.0,23,1.92,69,46,66.7,2,1,9,1,8.3,0,0,0,0,0,ar ARG,GK,Ind. Rivadavia,Copa de la Liga,34,1989,12.0,23,0,1,5,0,19.5,0.30,-3.5,-0.29,59,147,40.1,285,39,40.4,36.9,70,45.7,43.5,189,7,3.7,6,0.50,13.0
Diego Matías Rodríguez,ar ARG,GK,Arg Juniors,Copa de la Liga,34,1989,14,14,"1,260",14.0,14,1.00,62,49,77.4,7,5,2,5,35.7,1,0,0,1,0,ar ARG,GK,Arg Juniors,Copa de la Liga,34,1989,14.0,14,0,0,0,1,17.5,0.29,+4.5,+0.32,91,215,42.3,388,40,41.2,37.2,88,62.5,45.9,243,7,2.9,3,0.21,10.1
Andrés Mehring,ar ARG,GK,Cen. Córdoba–SdE,Copa de la Liga,29,1994,5,5,450,5.0,4,0.80,14,10,71.4,1,2,2,2,40.0,1,0,0,1,0,ar ARG,GK,Cen. Córdoba–SdE,Copa de la Liga,29,1994,5.0,4,0,0,0,0,5.4,0.38,+1.4,+0.27,17,54,31.5,83,13,41.0,37.0,45,44.4,33.8,82,5,6.1,6,1.20,13.1
Fernando Monetti,ar ARG,GK,Sarmiento,Copa de la Liga,34,1989,14,14,"1,260",14.0,19,1.36,55,35,69.1,2,3,9,3,21.4,3,2,1,0,33.3,ar ARG,GK,Sarmiento,Copa de la Liga,34,1989,14.0,19,2,1,1,0,18.1,0.28,-0.9,-0.06,66,212,31.1,250,27,48.4,39.7,131,69.5,51.1,218,9,4.1,8,0.57,13.6
Mariano Monllor,ar ARG,GK,Ind. Rivadavia,Copa de la Liga,34,1989,2,2,180,2.0,2,1.00,17,15,88.2,0,1,1,0,0.0,0,0,0,0,0,ar ARG,GK,Ind. Rivadavia,Copa de la Liga,34,1989,2.0,2,0,0,0,0,2.6,0.15,+0.6,+0.30,20,56,35.7,65,5,60.0,41.7,23,73.9,55.6,38,0,0.0,1,0.50,12.1
Lautaro Morales,ar ARG,GK,Talleres,Copa de la Liga,24,1999,1,1,90,1.0,1,1.00,3,2,66.7,0,1,0,0,0.0,0,0,0,0,0,ar ARG,GK,Talleres,Copa de la Liga,24,1999,1.0,1,0,0,0,0,1.5,0.49,+0.5,+0.48,5,10,50.0,28,4,35.7,35.2,5,0.0,27.0,7,1,14.3,0,0.00,9.0
Sebastián Moyano,ar ARG,GK,Barracas Central,Copa de la Liga,33,1990,14,14,"1,260",14.0,15,1.07,50,36,70.0,7,5,2,5,35.7,0,0,0,0,0,ar ARG,GK,Barracas Central,Copa de la Liga,33,1990,14.0,15,0,0,1,1,14.0,0.28,0.0,0.00,92,213,43.2,270,58,38.1,35.6,176,62.5,47.6,240,25,10.4,7,0.50,11.0
Franco Petroli,ar ARG,GK,Godoy Cruz,Copa de la Liga,25,1998,12,12,"1,080",12.0,4,0.33,36,32,88.9,8,2,2,8,66.7,0,0,0,0,0,ar ARG,GK,Godoy Cruz,Copa de la Liga,25,1998,12.0,4,0,0,1,0,10.5,0.29,+6.5,+0.54,86,187,46.0,335,65,37.3,36.4,101,61.4,49.3,161,17,10.6,5,0.42,10.8
Roberto Ramírez,ar ARG,GK,Godoy Cruz,Copa de la Liga,27,1996,2,2,180,2.0,2,1.00,10,8,80.0,1,0,1,1,50.0,0,0,0,0,0,ar ARG,GK,Godoy Cruz,Copa de la Liga,27,1996,2.0,2,0,0,0,0,2.9,0.29,+0.9,+0.45,16,36,44.4,48,7,52.1,43.4,18,61.1,46.8,38,3,7.9,1,0.50,11.4
Rodrigo Rey,ar ARG,GK,Independiente,Copa de la Liga,32,1991,14,14,"1,260",14.0,10,0.71,37,27,73.0,6,5,3,6,42.9,0,0,0,0,0,ar ARG,GK,Independiente,Copa de la Liga,32,1991,14.0,10,0,1,0,0,9.8,0.27,-0.2,-0.01,46,118,39.0,271,62,34.3,33.0,115,21.7,25.2,201,16,8.0,3,0.21,9.4
Manuel Roffo,ar ARG,GK,Instituto,Copa de la Liga,23,2000,14,14,"1,260",14.0,17,1.21,55,39,69.1,5,2,7,5,35.7,0,0,0,0,0,ar ARG,GK,Instituto,Copa de la Liga,23,2000,14.0,17,0,0,4,1,15.0,0.29,-1.0,-0.07,84,236,35.6,257,28,58.8,45.8,120,70.8,53.3,194,9,4.6,3,0.21,10.4
Sergio Romero,ar ARG,GK,Boca Juniors,Copa de la Liga,36,1987,11,10,965,10.7,8,0.75,33,25,75.8,4,4,2,5,50.0,0,0,0,0,0,ar ARG,GK,Boca Juniors,Copa de la Liga,36,1987,10.7,8,0,1,2,0,8.5,0.26,+0.5,+0.05,36,103,35.0,300,62,29.3,32.6,43,34.9,35.7,114,10,8.8,8,0.75,13.5
Matías Tagliamonte,ar ARG,GK,Tigre,Copa de la Liga,25,1998,13,13,"1,170",13.0,24,1.85,71,47,67.6,1,2,10,2,15.4,2,1,1,0,50.0,ar ARG,GK,Tigre,Copa de la Liga,25,1998,13.0,24,1,0,2,1,22.0,0.29,-1.0,-0.07,52,129,40.3,232,79,31.5,33.2,119,47.1,40.1,183,8,4.4,10,0.77,15.1
Axel Werner,ar ARG,GK,Rosario Central,Copa de la Liga,27,1996,1,1,90,1.0,2,2.00,7,5,71.4,0,0,1,0,0.0,0,0,0,0,0,ar ARG,GK,Rosario Central,Copa de la Liga,27,1996,1.0,2,0,0,0,0,2.3,0.35,+0.3,+0.30,4,26,15.4,18,2,72.2,47.7,13,100.0,61.5,32,0,0.0,0,0.00,0
Felipe Zenobio,ar ARG,GK,Tigre,Copa de la Liga,23,2000,1,1,90,1.0,1,1.00,5,4,80.0,0,0,1,0,0.0,0,0,0,0,0,ar ARG,GK,Tigre,Copa de la Liga,23,2000,1.0,1,0,0,1,0,0.5,0.09,-0.5,-0.54,3,14,21.4,28,12,28.6,35.1,8,75.0,48.5,22,1,4.5,0,0.00,8.0
Juan Zozaya,ar ARG,GK,Estudiantes–LP,Copa de la Liga,22,2001,1,1,90,1.0,0,0.00,4,4,100.0,1,0,0,1,100.0,0,0,0,0,0,ar ARG,GK,Estudiantes–LP,Copa de la Liga,22,2001,1.0,0,0,0,0,0,0.6,0.15,+0.6,+0.60,2,2,100.0,18,8,11.1,26.1,5,0.0,22.4,14,1,7.1,0,0.00,9.0
