playerId,playerName,x,y,expectedGoals,gol
723668,Cristian Alberto Tarragona,75.840291264,35.75375,0.02303364686667919,No
1606009,Valentin Fascendini,97.6666666661,33.161249999999995,0.09689801186323166,No
1110614,Julián Palacios,92.5,49.3256050933,0.05624498799443245,No
1133119,Gaston Martirena,91.6,27.782619046999997,0.09446721524000168,No
882933,Adrian Martinez,97.95614035039999,34.68625,0.34123337268829346,Si
1336846,Mateo Del Blanco,74.150970876,31.4075,0.03366786241531372,No
809766,Marcelo Estigarribia,100.3534482762,34.838750000000005,0.34940916299819946,Si
1110614,Julián Palacios,98.6315789471,43.440254772100005,0.1662832796573639,No
723668,Cristian Alberto Tarragona,98.3421052628,37.05,0.32398298382759094,Si
805540,Gabriel Rojas,79.8946601952,23.5788535077,0.07569456100463867,No
958860,Santiago Sosa,93.8,25.53375,0.008206214755773544,No
1110614,Julián Palacios,90.4,31.4075,0.24801252782344818,No
290692,Franco Fragapane,95.9298245603,34.68625,0.3419337272644043,No
882933,Adrian Martinez,101.9655172416,50.4466242021,0.007792807649821043,No
1074976,Nazareno Colombo,95.73684210409999,35.29625000000001,0.039462391287088394,No
1133119,Gaston Martirena,76.40339806,37.94809524,0.021495705470442772,No
688827,Tomas Conechny,91.5,43.044375,0.04551216587424278,No
723668,Cristian Alberto Tarragona,98.0526315785,34.22875,0.12979210913181305,No
1074976,Nazareno Colombo,75.7276699048,40.721666666999994,0.021515583619475365,No
958860,Santiago Sosa,75.7276699048,25.53375,0.021174220368266106,No
1133119,Gaston Martirena,87.31911764680001,24.139363062099996,0.04450598359107971,No
294003,Luciano Dario Vietto,84.1742718448,17.9737579637,0.023860175162553787,No
1220047,Agustin Colazo,97.0877192975,34.22875,0.1832379549741745,No
407796,Augusto Solari,93.1,31.559999999999995,0.2296493649482727,Si
1363175,Elias Torres,93.0,31.7125,0.04616363346576691,No
731802,Duvan Vergara,100.9224137934,29.883809522,0.16285011172294617,No
1220047,Agustin Colazo,98.24561403470001,26.774047619,0.2239445447921753,No
1363175,Elias Torres,96.9912280694,35.90625,0.11363179236650467,No
1029392,Facundo Mura,86.4602941172,42.581875,0.04480881616473198,Si
